date,month,year
2014-01-01, January ,2014
2014-01-01, January ,2014
2014-01-06, June ,2014
2014-01-06, June ,2014
2014-01-06, June ,2014
2014-01-12, December ,2014
2014-01-03, March ,2014
2014-01-06, June ,2014
2014-01-06, June ,2014
2014-01-06, June ,2014
2014-01-06, June ,2014
2014-01-07, July ,2014
2014-01-08, August ,2014
2014-01-09, September ,2014
2013-01-10, October ,2013
2014-01-12, December ,2014
2014-01-02, February ,2014
2014-01-02, February ,2014
2014-01-06, June ,2014
2014-01-06, June ,2014
2014-01-07, July ,2014
2014-01-08, August ,2014
2013-01-09, September ,2013
2013-01-09, September ,2013
2014-01-09, September ,2014
2014-01-10, October ,2014
2013-01-11, November ,2013
2013-01-11, November ,2013
2013-01-12, December ,2013
2014-01-12, December ,2014
2014-01-12, December ,2014
2014-01-01, January ,2014
2014-01-02, February ,2014
2014-01-03, March ,2014
2014-01-06, June ,2014
2014-01-06, June ,2014
2014-01-08, August ,2014
2013-01-10, October ,2013
2014-01-02, February ,2014
2014-01-04, April ,2014
2014-01-06, June ,2014
2014-01-06, June ,2014
2013-01-09, September ,2013
2014-01-09, September ,2014
2014-01-12, December ,2014
2014-01-02, February ,2014
2014-01-04, April ,2014
2014-01-04, April ,2014
2014-01-06, June ,2014
2014-01-07, July ,2014
2014-01-08, August ,2014
2014-01-10, October ,2014
2014-01-12, December ,2014
2014-01-01, January ,2014
2014-01-02, February ,2014
2014-01-05, May ,2014
2014-01-11, November ,2014
2014-01-03, March ,2014
2014-01-02, February ,2014
2014-01-03, March ,2014
2014-01-07, July ,2014
2014-01-09, September ,2014
2013-01-09, September ,2013
2014-01-09, September ,2014
2013-01-10, October ,2013
2013-01-10, October ,2013
2014-01-10, October ,2014
2014-01-12, December ,2014
2014-01-03, March ,2014
2014-01-04, April ,2014
2014-01-07, July ,2014
2014-01-08, August ,2014
2013-01-09, September ,2013
2013-01-10, October ,2013
2014-01-02, February ,2014
2014-01-04, April ,2014
2014-01-06, June ,2014
2014-01-06, June ,2014
2014-01-07, July ,2014
2014-01-09, September ,2014
2013-01-10, October ,2013
2014-01-11, November ,2014
2014-01-12, December ,2014
2014-01-04, April ,2014
2014-01-05, May ,2014
2014-01-08, August ,2014
2013-01-10, October ,2013
2013-01-11, November ,2013
2014-01-03, March ,2014
2014-01-04, April ,2014
2014-01-06, June ,2014
2014-01-06, June ,2014
2014-01-09, September ,2014
2013-01-10, October ,2013
2014-01-10, October ,2014
2014-01-11, November ,2014
2013-01-09, September ,2013
2013-01-11, November ,2013
2014-01-04, April ,2014
2014-01-10, October ,2014
2013-01-10, October ,2013
2013-01-11, November ,2013
2014-01-12, December ,2014
2014-01-06, June ,2014
2014-01-10, October ,2014
2014-01-11, November ,2014
2013-01-11, November ,2013
2014-01-02, February ,2014
2014-01-05, May ,2014
2014-01-05, May ,2014
2014-01-06, June ,2014
2014-01-06, June ,2014
2014-01-10, October ,2014
2013-01-10, October ,2013
2013-01-10, October ,2013
2013-01-11, November ,2013
2014-01-12, December ,2014
2014-01-12, December ,2014
2014-01-12, December ,2014
2013-01-12, December ,2013
2013-01-12, December ,2013
2014-01-12, December ,2014
2014-01-12, December ,2014
2014-01-10, October ,2014
2013-01-10, October ,2013
2014-01-10, October ,2014
2013-01-10, October ,2013
2013-01-10, October ,2013
2014-01-12, December ,2014
2013-01-12, December ,2013
2014-01-12, December ,2014
2014-01-06, June ,2014
2013-01-10, October ,2013
2014-01-10, October ,2014
2014-01-12, December ,2014
2013-01-12, December ,2013
2013-01-12, December ,2013
2014-01-03, March ,2014
2014-01-03, March ,2014
2014-01-05, May ,2014
2013-01-10, October ,2013
2014-01-11, November ,2014
2014-01-11, November ,2014
2014-01-12, December ,2014
2014-01-04, April ,2014
2014-01-04, April ,2014
2014-01-06, June ,2014
2014-01-09, September ,2014
2013-01-12, December ,2013
2014-01-02, February ,2014
2014-01-06, June ,2014
2014-01-09, September ,2014
2013-01-09, September ,2013
2014-01-12, December ,2014
2014-01-12, December ,2014
2014-01-01, January ,2014
2014-01-03, March ,2014
2014-01-06, June ,2014
2014-01-06, June ,2014
2014-01-06, June ,2014
2014-01-07, July ,2014
2014-01-10, October ,2014
2013-01-10, October ,2013
2014-01-12, December ,2014
2014-01-12, December ,2014
2014-01-10, October ,2014
2014-01-02, February ,2014
2014-01-04, April ,2014
2014-01-06, June ,2014
2014-01-08, August ,2014
2014-01-08, August ,2014
2013-01-10, October ,2013
2014-01-05, May ,2014
2013-01-09, September ,2013
2014-01-04, April ,2014
2014-01-01, January ,2014
2014-01-10, October ,2014
2014-01-10, October ,2014
2013-01-12, December ,2013
2013-01-09, September ,2013
2013-01-10, October ,2013
2014-01-10, October ,2014
2014-01-12, December ,2014
2014-01-03, March ,2014
2014-01-08, August ,2014
2013-01-10, October ,2013
2014-01-10, October ,2014
2014-01-12, December ,2014
2014-01-01, January ,2014
2014-01-03, March ,2014
2014-01-04, April ,2014
2014-01-05, May ,2014
2014-01-07, July ,2014
2014-01-07, July ,2014
2014-01-09, September ,2014
2014-01-09, September ,2014
2014-01-09, September ,2014
2013-01-10, October ,2013
2013-01-10, October ,2013
2014-01-12, December ,2014
2014-01-12, December ,2014
2014-01-03, March ,2014
2013-01-09, September ,2013
2014-01-10, October ,2014
2014-01-05, May ,2014
2013-01-09, September ,2013
2014-01-10, October ,2014
2013-01-10, October ,2013
2014-01-02, February ,2014
2014-01-04, April ,2014
2014-01-09, September ,2014
2013-01-10, October ,2013
2013-01-12, December ,2013
2013-01-10, October ,2013
2014-01-01, January ,2014
2013-01-09, September ,2013
2014-01-10, October ,2014
2014-01-12, December ,2014
2014-01-12, December ,2014
2014-01-10, October ,2014
2014-01-07, July ,2014
2014-01-08, August ,2014
2013-01-10, October ,2013
2014-01-02, February ,2014
2014-01-02, February ,2014
2014-01-05, May ,2014
2014-01-06, June ,2014
2013-01-11, November ,2013
2014-01-11, November ,2014
2014-01-12, December ,2014
2014-01-12, December ,2014
2014-01-01, January ,2014
2014-01-07, July ,2014
2013-01-09, September ,2013
2014-01-11, November ,2014
2013-01-12, December ,2013
2014-01-02, February ,2014
2014-01-03, March ,2014
2014-01-03, March ,2014
2014-01-04, April ,2014
2014-01-05, May ,2014
2014-01-06, June ,2014
2014-01-06, June ,2014
2014-01-09, September ,2014
2013-01-10, October ,2013
2013-01-10, October ,2013
2014-01-10, October ,2014
2013-01-10, October ,2013
2013-01-12, December ,2013
2014-01-12, December ,2014
2013-01-12, December ,2013
2013-01-12, December ,2013
2014-01-01, January ,2014
2014-01-01, January ,2014
2014-01-02, February ,2014
2014-01-06, June ,2014
2014-01-08, August ,2014
2014-01-08, August ,2014
2014-01-10, October ,2014
2013-01-10, October ,2013
2013-01-12, December ,2013
2014-01-12, December ,2014
2013-01-10, October ,2013
2013-01-11, November ,2013
2013-01-11, November ,2013
2014-01-12, December ,2014
2014-01-12, December ,2014
2014-01-12, December ,2014
2014-01-02, February ,2014
2014-01-08, August ,2014
2013-01-10, October ,2013
2014-01-12, December ,2014
2014-01-04, April ,2014
2014-01-01, January ,2014
2014-01-06, June ,2014
2014-01-09, September ,2014
2013-01-10, October ,2013
2014-01-11, November ,2014
2013-01-11, November ,2013
2013-01-12, December ,2013
2014-01-04, April ,2014
2014-01-05, May ,2014
2013-01-10, October ,2013
2014-01-11, November ,2014
2014-01-06, June ,2014
2013-01-10, October ,2013
2013-01-10, October ,2013
2014-01-02, February ,2014
2014-01-02, February ,2014
2014-01-05, May ,2014
2014-01-06, June ,2014
2014-01-06, June ,2014
2013-01-10, October ,2013
2013-01-10, October ,2013
2014-01-06, June ,2014
2014-01-06, June ,2014
2013-01-10, October ,2013
2013-01-11, November ,2013
2013-01-12, December ,2013
2014-01-01, January ,2014
2014-01-09, September ,2014
2013-01-10, October ,2013
2013-01-10, October ,2013
2013-01-10, October ,2013
2013-01-10, October ,2013
2014-01-08, August ,2014
2014-01-08, August ,2014
2014-01-10, October ,2014
2013-01-10, October ,2013
2014-01-08, August ,2014
2014-01-11, November ,2014
2014-01-10, October ,2014
2014-01-02, February ,2014
2014-01-08, August ,2014
2013-01-09, September ,2013
2014-01-01, January ,2014
2014-01-11, November ,2014
2013-01-09, September ,2013
2014-01-05, May ,2014
2014-01-06, June ,2014
2014-01-11, November ,2014
2014-01-12, December ,2014
2014-01-04, April ,2014
2013-01-09, September ,2013
2014-01-12, December ,2014
2014-01-06, June ,2014
2014-01-03, March ,2014
2014-01-06, June ,2014
2014-01-10, October ,2014
2014-01-10, October ,2014
2014-01-10, October ,2014
2013-01-11, November ,2013
2014-01-05, May ,2014
2014-01-06, June ,2014
2014-01-07, July ,2014
2014-01-08, August ,2014
2013-01-09, September ,2013
2014-01-09, September ,2014
2013-01-09, September ,2013
2013-01-11, November ,2013
2013-01-11, November ,2013
2013-01-12, December ,2013
2014-01-07, July ,2014
2014-01-08, August ,2014
2014-01-09, September ,2014
2014-01-10, October ,2014
2013-01-12, December ,2013
2014-01-12, December ,2014
2013-01-12, December ,2013
2014-01-01, January ,2014
2014-01-02, February ,2014
2014-01-02, February ,2014
2014-01-05, May ,2014
2014-01-09, September ,2014
2013-01-09, September ,2013
2014-01-11, November ,2014
2014-01-12, December ,2014
2014-01-02, February ,2014
2014-01-06, June ,2014
2014-01-05, May ,2014
2014-01-06, June ,2014
2014-01-08, August ,2014
2014-01-11, November ,2014
2014-01-12, December ,2014
2014-01-03, March ,2014
2014-01-06, June ,2014
2014-01-07, July ,2014
2014-01-08, August ,2014
2013-01-09, September ,2013
2014-01-12, December ,2014
2014-01-03, March ,2014
2014-01-04, April ,2014
2014-01-05, May ,2014
2014-01-06, June ,2014
2014-01-06, June ,2014
2014-01-08, August ,2014
2014-01-08, August ,2014
2013-01-09, September ,2013
2014-01-09, September ,2014
2014-01-09, September ,2014
2013-01-11, November ,2013
2013-01-12, December ,2013
2014-01-12, December ,2014
2014-01-03, March ,2014
2014-01-06, June ,2014
2014-01-06, June ,2014
2013-01-11, November ,2013
2014-01-12, December ,2014
2014-01-04, April ,2014
2014-01-06, June ,2014
2014-01-08, August ,2014
2014-01-08, August ,2014
2014-01-09, September ,2014
2013-01-12, December ,2013
2014-01-06, June ,2014
2014-01-06, June ,2014
2014-01-06, June ,2014
2014-01-06, June ,2014
2014-01-11, November ,2014
2014-01-12, December ,2014
2013-01-12, December ,2013
2014-01-12, December ,2014
2014-01-07, July ,2014
2014-01-06, June ,2014
2013-01-10, October ,2013
2014-01-04, April ,2014
2014-01-05, May ,2014
2013-01-09, September ,2013
2014-01-11, November ,2014
2013-01-11, November ,2013
2013-01-12, December ,2013
2014-01-12, December ,2014
2013-01-12, December ,2013
2014-01-01, January ,2014
2014-01-01, January ,2014
2014-01-04, April ,2014
2014-01-06, June ,2014
2014-01-10, October ,2014
2013-01-10, October ,2013
2014-01-11, November ,2014
2013-01-11, November ,2013
2014-01-12, December ,2014
2014-01-05, May ,2014
2014-01-07, July ,2014
2014-01-07, July ,2014
2014-01-09, September ,2014
2014-01-09, September ,2014
2014-01-10, October ,2014
2014-01-01, January ,2014
2014-01-02, February ,2014
2014-01-04, April ,2014
2014-01-05, May ,2014
2014-01-09, September ,2014
2013-01-09, September ,2013
2014-01-10, October ,2014
2014-01-11, November ,2014
2014-01-09, September ,2014
2014-01-10, October ,2014
2013-01-11, November ,2013
2014-01-11, November ,2014
2014-01-05, May ,2014
2014-01-07, July ,2014
2014-01-09, September ,2014
2014-01-12, December ,2014
2014-01-03, March ,2014
2014-01-06, June ,2014
2014-01-10, October ,2014
2014-01-03, March ,2014
2014-01-04, April ,2014
2014-01-10, October ,2014
2013-01-11, November ,2013
2014-01-12, December ,2014
2014-01-06, June ,2014
2014-01-07, July ,2014
2013-01-12, December ,2013
2013-01-10, October ,2013
2014-01-09, September ,2014
2013-01-10, October ,2013
2014-01-04, April ,2014
2013-01-12, December ,2013
2014-01-05, May ,2014
2013-01-11, November ,2013
2014-01-12, December ,2014
2014-01-03, March ,2014
2014-01-05, May ,2014
2013-01-10, October ,2013
2014-01-10, October ,2014
2014-01-01, January ,2014
2014-01-04, April ,2014
2014-01-05, May ,2014
2014-01-07, July ,2014
2014-01-09, September ,2014
2013-01-10, October ,2013
2014-01-10, October ,2014
2014-01-11, November ,2014
2013-01-12, December ,2013
2014-01-12, December ,2014
2014-01-05, May ,2014
2014-01-07, July ,2014
2014-01-08, August ,2014
2014-01-09, September ,2014
2013-01-10, October ,2013
2013-01-10, October ,2013
2014-01-11, November ,2014
2013-01-12, December ,2013
2014-01-01, January ,2014
2014-01-02, February ,2014
2014-01-03, March ,2014
2014-01-04, April ,2014
2014-01-05, May ,2014
2014-01-08, August ,2014
2014-01-09, September ,2014
2014-01-12, December ,2014
2014-01-12, December ,2014
2013-01-10, October ,2013
2014-01-04, April ,2014
2013-01-10, October ,2013
2014-01-01, January ,2014
2014-01-10, October ,2014
2014-01-03, March ,2014
2013-01-09, September ,2013
2014-01-07, July ,2014
2014-01-10, October ,2014
2014-01-02, February ,2014
2014-01-03, March ,2014
2014-01-07, July ,2014
2014-01-10, October ,2014
2013-01-11, November ,2013
2013-01-11, November ,2013
2014-01-01, January ,2014
2013-01-10, October ,2013
2014-01-12, December ,2014
2014-01-01, January ,2014
2014-01-03, March ,2014
2014-01-07, July ,2014
2014-01-07, July ,2014
2014-01-07, July ,2014
2014-01-08, August ,2014
2014-01-08, August ,2014
2014-01-10, October ,2014
2013-01-10, October ,2013
2014-01-11, November ,2014
2013-01-09, September ,2013
2013-01-09, September ,2013
2013-01-10, October ,2013
2014-01-11, November ,2014
2014-01-01, January ,2014
2014-01-01, January ,2014
2013-01-11, November ,2013
2014-01-01, January ,2014
2014-01-01, January ,2014
2014-01-05, May ,2014
2013-01-09, September ,2013
2013-01-10, October ,2013
2014-01-12, December ,2014
2013-01-09, September ,2013
2014-01-06, June ,2014
2013-01-09, September ,2013
2014-01-10, October ,2014
2014-01-11, November ,2014
2014-01-03, March ,2014
2014-01-04, April ,2014
2014-01-09, September ,2014
2014-01-10, October ,2014
2013-01-10, October ,2013
2013-01-12, December ,2013
2014-01-01, January ,2014
2014-01-06, June ,2014
2014-01-10, October ,2014
2014-01-10, October ,2014
2013-01-10, October ,2013
2014-01-11, November ,2014
2014-01-11, November ,2014
2014-01-11, November ,2014
2014-01-11, November ,2014
2013-01-12, December ,2013
2014-01-12, December ,2014
2014-01-07, July ,2014
2014-01-10, October ,2014
2014-01-10, October ,2014
2014-01-05, May ,2014
2014-01-07, July ,2014
2013-01-09, September ,2013
2014-01-10, October ,2014
2014-01-11, November ,2014
2014-01-12, December ,2014
2014-01-02, February ,2014
2014-01-07, July ,2014
2014-01-10, October ,2014
2013-01-11, November ,2013
2014-01-01, January ,2014
2014-01-05, May ,2014
2014-01-12, December ,2014
2014-01-03, March ,2014
2014-01-12, December ,2014
2013-01-09, September ,2013
2014-01-06, June ,2014
2014-01-06, June ,2014
2014-01-03, March ,2014
2014-01-03, March ,2014
2013-01-09, September ,2013
2014-01-01, January ,2014
2014-01-02, February ,2014
2014-01-06, June ,2014
2014-01-07, July ,2014
2014-01-10, October ,2014
2014-01-01, January ,2014
2014-01-01, January ,2014
2014-01-02, February ,2014
2014-01-02, February ,2014
2014-01-06, June ,2014
2014-01-06, June ,2014
2014-01-07, July ,2014
2014-01-08, August ,2014
2014-01-10, October ,2014
2014-01-10, October ,2014
2014-01-11, November ,2014
2014-01-12, December ,2014
2014-01-01, January ,2014
2014-01-06, June ,2014
2014-01-06, June ,2014
2014-01-06, June ,2014
2013-01-09, September ,2013
2014-01-10, October ,2014
2013-01-11, November ,2013
2014-01-12, December ,2014
2014-01-06, June ,2014
2014-01-10, October ,2014
2014-01-01, January ,2014
2014-01-06, June ,2014
2014-01-10, October ,2014
2013-01-12, December ,2013
2014-01-04, April ,2014
2014-01-05, May ,2014
2013-01-10, October ,2013
2014-01-12, December ,2014
2014-01-02, February ,2014
2013-01-10, October ,2013
2014-01-02, February ,2014
2014-01-03, March ,2014
2014-01-09, September ,2014
2014-01-10, October ,2014
2014-01-12, December ,2014
2014-01-10, October ,2014
2013-01-12, December ,2013
2014-01-07, July ,2014
2013-01-09, September ,2013
2014-01-10, October ,2014
2014-01-10, October ,2014
2014-01-11, November ,2014
2014-01-12, December ,2014
2013-01-12, December ,2013
2014-01-01, January ,2014
2014-01-04, April ,2014
2014-01-05, May ,2014
2014-01-09, September ,2014
2013-01-10, October ,2013
2014-01-12, December ,2014
2014-01-02, February ,2014
2013-01-09, September ,2013
2013-01-10, October ,2013
2014-01-10, October ,2014
2014-01-10, October ,2014
2014-01-11, November ,2014
2013-01-11, November ,2013
2014-01-11, November ,2014
2013-01-11, November ,2013
2014-01-02, February ,2014
2014-01-04, April ,2014
2014-01-07, July ,2014
2013-01-10, October ,2013
2013-01-11, November ,2013
2014-01-03, March ,2014
2014-01-08, August ,2014
2013-01-10, October ,2013
2014-01-10, October ,2014
2014-01-10, October ,2014
2013-01-12, December ,2013
2014-01-03, March ,2014
2014-01-05, May ,2014
2014-01-08, August ,2014
2013-01-10, October ,2013
2014-01-10, October ,2014
2014-01-10, October ,2014
2013-01-10, October ,2013
2013-01-11, November ,2013
2014-01-08, August ,2014
2014-01-08, August ,2014
2014-01-10, October ,2014
2014-01-10, October ,2014
2014-01-03, March ,2014
2014-01-04, April ,2014
2014-01-04, April ,2014
2014-01-05, May ,2014
2014-01-08, August ,2014
2013-01-10, October ,2013
2014-01-10, October ,2014
2014-01-10, October ,2014
2013-01-11, November ,2013
2013-01-11, November ,2013
2014-01-12, December ,2014
2014-01-12, December ,2014
2014-01-03, March ,2014
2014-01-05, May ,2014
2014-01-09, September ,2014
2013-01-11, November ,2013
2013-01-12, December ,2013
2014-01-12, December ,2014
2014-01-07, July ,2014
2014-01-07, July ,2014
2013-01-10, October ,2013
2014-01-10, October ,2014
2013-01-11, November ,2013
2014-01-11, November ,2014
2014-01-12, December ,2014
2014-01-03, March ,2014
2014-01-10, October ,2014
2014-01-02, February ,2014
2014-01-04, April ,2014
2014-01-05, May ,2014
