segment,country,product,discount_band,units_sold,sale_price,sales,date,month_name,year
Government,Canada, Carretera , None ,1618.5, $20.00 ," $32,370.00 ",01/01/2014, January ,2014
Government,Germany, Carretera , None ,1321.0, $20.00 ," $26,420.00 ",01/01/2014, January ,2014
Midmarket,France, Carretera , None ,2178.0, $15.00 ," $32,670.00 ",01/06/2014, June ,2014
Midmarket,Germany, Carretera , None ,888.0, $15.00 ," $13,320.00 ",01/06/2014, June ,2014
Midmarket,Mexico, Carretera , None ,2470.0, $15.00 ," $37,050.00 ",01/06/2014, June ,2014
Government,Germany, Carretera , None ,1513.0, $350.00 ," $529,550.00 ",01/12/2014, December ,2014
Midmarket,Germany, Montana , None ,921.0, $15.00 ," $13,815.00 ",01/03/2014, March ,2014
Channel Partners,Canada, Montana , None ,2518.0, $12.00 ," $30,216.00 ",01/06/2014, June ,2014
Government,France, Montana , None ,1899.0, $20.00 ," $37,980.00 ",01/06/2014, June ,2014
Channel Partners,Germany, Montana , None ,1545.0, $12.00 ," $18,540.00 ",01/06/2014, June ,2014
Midmarket,Mexico, Montana , None ,2470.0, $15.00 ," $37,050.00 ",01/06/2014, June ,2014
Enterprise,Canada, Montana , None ,2665.5, $125.00 ," $333,187.50 ",01/07/2014, July ,2014
Small Business,Mexico, Montana , None ,958.0, $300.00 ," $287,400.00 ",01/08/2014, August ,2014
Government,Germany, Montana , None ,2146.0, $7.00 ," $15,022.00 ",01/09/2014, September ,2014
Enterprise,Canada, Montana , None ,345.0, $125.00 ," $43,125.00 ",01/10/2013, October ,2013
Midmarket,United States of America, Montana , None ,615.0, $15.00 ," $9,225.00 ",01/12/2014, December ,2014
Government,Canada, Paseo , None ,292.0, $20.00 ," $5,840.00 ",01/02/2014, February ,2014
Midmarket,Mexico, Paseo , None ,974.0, $15.00 ," $14,610.00 ",01/02/2014, February ,2014
Channel Partners,Canada, Paseo , None ,2518.0, $12.00 ," $30,216.00 ",01/06/2014, June ,2014
Government,Germany, Paseo , None ,1006.0, $350.00 ," $352,100.00 ",01/06/2014, June ,2014
Channel Partners,Germany, Paseo , None ,367.0, $12.00 ," $4,404.00 ",01/07/2014, July ,2014
Government,Mexico, Paseo , None ,883.0, $7.00 ," $6,181.00 ",01/08/2014, August ,2014
Midmarket,France, Paseo , None ,549.0, $15.00 ," $8,235.00 ",01/09/2013, September ,2013
Small Business,Mexico, Paseo , None ,788.0, $300.00 ," $236,400.00 ",01/09/2013, September ,2013
Midmarket,Mexico, Paseo , None ,2472.0, $15.00 ," $37,080.00 ",01/09/2014, September ,2014
Government,United States of America, Paseo , None ,1143.0, $7.00 ," $8,001.00 ",01/10/2014, October ,2014
Government,Canada, Paseo , None ,1725.0, $350.00 ," $603,750.00 ",01/11/2013, November ,2013
Channel Partners,United States of America, Paseo , None ,912.0, $12.00 ," $10,944.00 ",01/11/2013, November ,2013
Midmarket,Canada, Paseo , None ,2152.0, $15.00 ," $32,280.00 ",01/12/2013, December ,2013
Government,Canada, Paseo , None ,1817.0, $20.00 ," $36,340.00 ",01/12/2014, December ,2014
Government,Germany, Paseo , None ,1513.0, $350.00 ," $529,550.00 ",01/12/2014, December ,2014
Government,Mexico, Velo , None ,1493.0, $7.00 ," $10,451.00 ",01/01/2014, January ,2014
Enterprise,France, Velo , None ,1804.0, $125.00 ," $225,500.00 ",01/02/2014, February ,2014
Channel Partners,Germany, Velo , None ,2161.0, $12.00 ," $25,932.00 ",01/03/2014, March ,2014
Government,Germany, Velo , None ,1006.0, $350.00 ," $352,100.00 ",01/06/2014, June ,2014
Channel Partners,Germany, Velo , None ,1545.0, $12.00 ," $18,540.00 ",01/06/2014, June ,2014
Enterprise,United States of America, Velo , None ,2821.0, $125.00 ," $352,625.00 ",01/08/2014, August ,2014
Enterprise,Canada, Velo , None ,345.0, $125.00 ," $43,125.00 ",01/10/2013, October ,2013
Small Business,Canada, VTT , None ,2001.0, $300.00 ," $600,300.00 ",01/02/2014, February ,2014
Channel Partners,Germany, VTT , None ,2838.0, $12.00 ," $34,056.00 ",01/04/2014, April ,2014
Midmarket,France, VTT , None ,2178.0, $15.00 ," $32,670.00 ",01/06/2014, June ,2014
Midmarket,Germany, VTT , None ,888.0, $15.00 ," $13,320.00 ",01/06/2014, June ,2014
Government,France, VTT , None ,1527.0, $350.00 ," $534,450.00 ",01/09/2013, September ,2013
Small Business,France, VTT , None ,2151.0, $300.00 ," $645,300.00 ",01/09/2014, September ,2014
Government,Canada, VTT , None ,1817.0, $20.00 ," $36,340.00 ",01/12/2014, December ,2014
Government,France, Amarilla , None ,2750.0, $350.00 ," $962,500.00 ",01/02/2014, February ,2014
Channel Partners,United States of America, Amarilla , None ,1953.0, $12.00 ," $23,436.00 ",01/04/2014, April ,2014
Enterprise,Germany, Amarilla , None ,4219.5, $125.00 ," $527,437.50 ",01/04/2014, April ,2014
Government,France, Amarilla , None ,1899.0, $20.00 ," $37,980.00 ",01/06/2014, June ,2014
Government,Germany, Amarilla , None ,1686.0, $7.00 ," $11,802.00 ",01/07/2014, July ,2014
Channel Partners,United States of America, Amarilla , None ,2141.0, $12.00 ," $25,692.00 ",01/08/2014, August ,2014
Government,United States of America, Amarilla , None ,1143.0, $7.00 ," $8,001.00 ",01/10/2014, October ,2014
Midmarket,United States of America, Amarilla , None ,615.0, $15.00 ," $9,225.00 ",01/12/2014, December ,2014
Government,France, Paseo , Low ,3945.0, $7.00 ," $27,338.85 ",01/01/2014, January ,2014
Midmarket,France, Paseo , Low ,2296.0, $15.00 ," $34,095.60 ",01/02/2014, February ,2014
Government,France, Paseo , Low ,1030.0, $7.00 ," $7,137.90 ",01/05/2014, May ,2014
Government,France, Velo , Low ,639.0, $7.00 ," $4,428.27 ",01/11/2014, November ,2014
Government,Canada, VTT , Low ,1326.0, $7.00 ," $9,189.18 ",01/03/2014, March ,2014
Channel Partners,United States of America, Carretera , Low ,1858.0, $12.00 ," $22,073.04 ",01/02/2014, February ,2014
Government,Mexico, Carretera , Low ,1210.0, $350.00 ," $419,265.00 ",01/03/2014, March ,2014
Government,United States of America, Carretera , Low ,2529.0, $7.00 ," $17,525.97 ",01/07/2014, July ,2014
Channel Partners,Canada, Carretera , Low ,1445.0, $12.00 ," $17,166.60 ",01/09/2014, September ,2014
Enterprise,United States of America, Carretera , Low ,330.0, $125.00 ," $40,837.50 ",01/09/2013, September ,2013
Channel Partners,France, Carretera , Low ,2671.0, $12.00 ," $31,731.48 ",01/09/2014, September ,2014
Channel Partners,Germany, Carretera , Low ,766.0, $12.00 ," $9,100.08 ",01/10/2013, October ,2013
Small Business,Mexico, Carretera , Low ,494.0, $300.00 ," $146,718.00 ",01/10/2013, October ,2013
Government,Mexico, Carretera , Low ,1397.0, $350.00 ," $484,060.50 ",01/10/2014, October ,2014
Government,France, Carretera , Low ,2155.0, $350.00 ," $746,707.50 ",01/12/2014, December ,2014
Midmarket,Mexico, Montana , Low ,2214.0, $15.00 ," $32,877.90 ",01/03/2014, March ,2014
Small Business,United States of America, Montana , Low ,2301.0, $300.00 ," $683,397.00 ",01/04/2014, April ,2014
Government,France, Montana , Low ,1375.5, $20.00 ," $27,234.90 ",01/07/2014, July ,2014
Government,Canada, Montana , Low ,1830.0, $7.00 ," $12,681.90 ",01/08/2014, August ,2014
Small Business,United States of America, Montana , Low ,2498.0, $300.00 ," $741,906.00 ",01/09/2013, September ,2013
Enterprise,United States of America, Montana , Low ,663.0, $125.00 ," $82,046.25 ",01/10/2013, October ,2013
Midmarket,United States of America, Paseo , Low ,1514.0, $15.00 ," $22,482.90 ",01/02/2014, February ,2014
Government,United States of America, Paseo , Low ,4492.5, $7.00 ," $31,133.03 ",01/04/2014, April ,2014
Enterprise,United States of America, Paseo , Low ,727.0, $125.00 ," $89,966.25 ",01/06/2014, June ,2014
Enterprise,France, Paseo , Low ,787.0, $125.00 ," $97,391.25 ",01/06/2014, June ,2014
Enterprise,Mexico, Paseo , Low ,1823.0, $125.00 ," $225,596.25 ",01/07/2014, July ,2014
Midmarket,Germany, Paseo , Low ,747.0, $15.00 ," $11,092.95 ",01/09/2014, September ,2014
Channel Partners,Germany, Paseo , Low ,766.0, $12.00 ," $9,100.08 ",01/10/2013, October ,2013
Small Business,United States of America, Paseo , Low ,2905.0, $300.00 ," $862,785.00 ",01/11/2014, November ,2014
Government,France, Paseo , Low ,2155.0, $350.00 ," $746,707.50 ",01/12/2014, December ,2014
Government,France, Velo , Low ,3864.0, $20.00 ," $76,507.20 ",01/04/2014, April ,2014
Government,Mexico, Velo , Low ,362.0, $7.00 ," $2,508.66 ",01/05/2014, May ,2014
Enterprise,Canada, Velo , Low ,923.0, $125.00 ," $114,221.25 ",01/08/2014, August ,2014
Enterprise,United States of America, Velo , Low ,663.0, $125.00 ," $82,046.25 ",01/10/2013, October ,2013
Government,Canada, Velo , Low ,2092.0, $7.00 ," $14,497.56 ",01/11/2013, November ,2013
Government,Germany, VTT , Low ,263.0, $7.00 ," $1,822.59 ",01/03/2014, March ,2014
Government,Canada, VTT , Low ,943.5, $350.00 ," $326,922.75 ",01/04/2014, April ,2014
Enterprise,United States of America, VTT , Low ,727.0, $125.00 ," $89,966.25 ",01/06/2014, June ,2014
Enterprise,France, VTT , Low ,787.0, $125.00 ," $97,391.25 ",01/06/2014, June ,2014
Small Business,Germany, VTT , Low ,986.0, $300.00 ," $292,842.00 ",01/09/2014, September ,2014
Small Business,Mexico, VTT , Low ,494.0, $300.00 ," $146,718.00 ",01/10/2013, October ,2013
Government,Mexico, VTT , Low ,1397.0, $350.00 ," $484,060.50 ",01/10/2014, October ,2014
Enterprise,France, VTT , Low ,1744.0, $125.00 ," $215,820.00 ",01/11/2014, November ,2014
Channel Partners,United States of America, Amarilla , Low ,1989.0, $12.00 ," $23,629.32 ",01/09/2013, September ,2013
Midmarket,France, Amarilla , Low ,321.0, $15.00 ," $4,766.85 ",01/11/2013, November ,2013
Enterprise,Canada, Carretera , Low ,742.5, $125.00 ," $90,956.25 ",01/04/2014, April ,2014
Channel Partners,Canada, Carretera , Low ,1295.0, $12.00 ," $15,229.20 ",01/10/2014, October ,2014
Small Business,Germany, Carretera , Low ,214.0, $300.00 ," $62,916.00 ",01/10/2013, October ,2013
Government,France, Carretera , Low ,2145.0, $7.00 ," $14,714.70 ",01/11/2013, November ,2013
Government,Canada, Carretera , Low ,2852.0, $350.00 ," $978,236.00 ",01/12/2014, December ,2014
Channel Partners,United States of America, Montana , Low ,1142.0, $12.00 ," $13,429.92 ",01/06/2014, June ,2014
Government,United States of America, Montana , Low ,1566.0, $20.00 ," $30,693.60 ",01/10/2014, October ,2014
Channel Partners,Mexico, Montana , Low ,690.0, $12.00 ," $8,114.40 ",01/11/2014, November ,2014
Enterprise,Mexico, Montana , Low ,1660.0, $125.00 ," $203,350.00 ",01/11/2013, November ,2013
Midmarket,Canada, Paseo , Low ,2363.0, $15.00 ," $34,736.10 ",01/02/2014, February ,2014
Small Business,France, Paseo , Low ,918.0, $300.00 ," $269,892.00 ",01/05/2014, May ,2014
Small Business,Germany, Paseo , Low ,1728.0, $300.00 ," $508,032.00 ",01/05/2014, May ,2014
Channel Partners,United States of America, Paseo , Low ,1142.0, $12.00 ," $13,429.92 ",01/06/2014, June ,2014
Enterprise,Mexico, Paseo , Low ,662.0, $125.00 ," $81,095.00 ",01/06/2014, June ,2014
Channel Partners,Canada, Paseo , Low ,1295.0, $12.00 ," $15,229.20 ",01/10/2014, October ,2014
Enterprise,Germany, Paseo , Low ,809.0, $125.00 ," $99,102.50 ",01/10/2013, October ,2013
Enterprise,Mexico, Paseo , Low ,2145.0, $125.00 ," $262,762.50 ",01/10/2013, October ,2013
Channel Partners,France, Paseo , Low ,1785.0, $12.00 ," $20,991.60 ",01/11/2013, November ,2013
Small Business,Canada, Paseo , Low ,1916.0, $300.00 ," $563,304.00 ",01/12/2014, December ,2014
Government,Canada, Paseo , Low ,2852.0, $350.00 ," $978,236.00 ",01/12/2014, December ,2014
Enterprise,Canada, Paseo , Low ,2729.0, $125.00 ," $334,302.50 ",01/12/2014, December ,2014
Midmarket,United States of America, Paseo , Low ,1925.0, $15.00 ," $28,297.50 ",01/12/2013, December ,2013
Government,United States of America, Paseo , Low ,2013.0, $7.00 ," $13,809.18 ",01/12/2013, December ,2013
Channel Partners,France, Paseo , Low ,1055.0, $12.00 ," $12,406.80 ",01/12/2014, December ,2014
Channel Partners,Mexico, Paseo , Low ,1084.0, $12.00 ," $12,747.84 ",01/12/2014, December ,2014
Government,United States of America, Velo , Low ,1566.0, $20.00 ," $30,693.60 ",01/10/2014, October ,2014
Government,Germany, Velo , Low ,2966.0, $350.00 ," $1,017,338.00 ",01/10/2013, October ,2013
Government,Germany, Velo , Low ,2877.0, $350.00 ," $986,811.00 ",01/10/2014, October ,2014
Enterprise,Germany, Velo , Low ,809.0, $125.00 ," $99,102.50 ",01/10/2013, October ,2013
Enterprise,Mexico, Velo , Low ,2145.0, $125.00 ," $262,762.50 ",01/10/2013, October ,2013
Channel Partners,France, Velo , Low ,1055.0, $12.00 ," $12,406.80 ",01/12/2014, December ,2014
Government,Mexico, Velo , Low ,544.0, $20.00 ," $10,662.40 ",01/12/2013, December ,2013
Channel Partners,Mexico, Velo , Low ,1084.0, $12.00 ," $12,747.84 ",01/12/2014, December ,2014
Enterprise,Mexico, VTT , Low ,662.0, $125.00 ," $81,095.00 ",01/06/2014, June ,2014
Small Business,Germany, VTT , Low ,214.0, $300.00 ," $62,916.00 ",01/10/2013, October ,2013
Government,Germany, VTT , Low ,2877.0, $350.00 ," $986,811.00 ",01/10/2014, October ,2014
Enterprise,Canada, VTT , Low ,2729.0, $125.00 ," $334,302.50 ",01/12/2014, December ,2014
Government,United States of America, VTT , Low ,266.0, $350.00 ," $91,238.00 ",01/12/2013, December ,2013
Government,Mexico, VTT , Low ,1940.0, $350.00 ," $665,420.00 ",01/12/2013, December ,2013
Small Business,Germany, Amarilla , Low ,259.0, $300.00 ," $76,146.00 ",01/03/2014, March ,2014
Small Business,Mexico, Amarilla , Low ,1101.0, $300.00 ," $323,694.00 ",01/03/2014, March ,2014
Enterprise,Germany, Amarilla , Low ,2276.0, $125.00 ," $278,810.00 ",01/05/2014, May ,2014
Government,Germany, Amarilla , Low ,2966.0, $350.00 ," $1,017,338.00 ",01/10/2013, October ,2013
Government,United States of America, Amarilla , Low ,1236.0, $20.00 ," $24,225.60 ",01/11/2014, November ,2014
Government,France, Amarilla , Low ,941.0, $20.00 ," $18,443.60 ",01/11/2014, November ,2014
Small Business,Canada, Amarilla , Low ,1916.0, $300.00 ," $563,304.00 ",01/12/2014, December ,2014
Enterprise,France, Carretera , Low ,4243.5, $125.00 ," $514,524.38 ",01/04/2014, April ,2014
Government,Germany, Carretera , Low ,2580.0, $20.00 ," $50,052.00 ",01/04/2014, April ,2014
Small Business,Germany, Carretera , Low ,689.0, $300.00 ," $200,499.00 ",01/06/2014, June ,2014
Channel Partners,United States of America, Carretera , Low ,1947.0, $12.00 ," $22,663.08 ",01/09/2014, September ,2014
Channel Partners,Canada, Carretera , Low ,908.0, $12.00 ," $10,569.12 ",01/12/2013, December ,2013
Government,Germany, Montana , Low ,1958.0, $7.00 ," $13,294.82 ",01/02/2014, February ,2014
Channel Partners,France, Montana , Low ,1901.0, $12.00 ," $22,127.64 ",01/06/2014, June ,2014
Government,France, Montana , Low ,544.0, $7.00 ," $3,693.76 ",01/09/2014, September ,2014
Government,Germany, Montana , Low ,1797.0, $350.00 ," $610,081.50 ",01/09/2013, September ,2013
Enterprise,France, Montana , Low ,1287.0, $125.00 ," $156,048.75 ",01/12/2014, December ,2014
Enterprise,Germany, Montana , Low ,1706.0, $125.00 ," $206,852.50 ",01/12/2014, December ,2014
Small Business,France, Paseo , Low ,2434.5, $300.00 ," $708,439.50 ",01/01/2014, January ,2014
Enterprise,Canada, Paseo , Low ,1774.0, $125.00 ," $215,097.50 ",01/03/2014, March ,2014
Channel Partners,France, Paseo , Low ,1901.0, $12.00 ," $22,127.64 ",01/06/2014, June ,2014
Small Business,Germany, Paseo , Low ,689.0, $300.00 ," $200,499.00 ",01/06/2014, June ,2014
Enterprise,Germany, Paseo , Low ,1570.0, $125.00 ," $190,362.50 ",01/06/2014, June ,2014
Channel Partners,United States of America, Paseo , Low ,1369.5, $12.00 ," $15,940.98 ",01/07/2014, July ,2014
Enterprise,Canada, Paseo , Low ,2009.0, $125.00 ," $243,591.25 ",01/10/2014, October ,2014
Midmarket,Germany, Paseo , Low ,1945.0, $15.00 ," $28,299.75 ",01/10/2013, October ,2013
Enterprise,France, Paseo , Low ,1287.0, $125.00 ," $156,048.75 ",01/12/2014, December ,2014
Enterprise,Germany, Paseo , Low ,1706.0, $125.00 ," $206,852.50 ",01/12/2014, December ,2014
Enterprise,Canada, Velo , Low ,2009.0, $125.00 ," $243,591.25 ",01/10/2014, October ,2014
Small Business,United States of America, VTT , Low ,2844.0, $300.00 ," $827,604.00 ",01/02/2014, February ,2014
Channel Partners,Mexico, VTT , Low ,1916.0, $12.00 ," $22,302.24 ",01/04/2014, April ,2014
Enterprise,Germany, VTT , Low ,1570.0, $125.00 ," $190,362.50 ",01/06/2014, June ,2014
Small Business,Canada, VTT , Low ,1874.0, $300.00 ," $545,334.00 ",01/08/2014, August ,2014
Government,Mexico, VTT , Low ,1642.0, $350.00 ," $557,459.00 ",01/08/2014, August ,2014
Midmarket,Germany, VTT , Low ,1945.0, $15.00 ," $28,299.75 ",01/10/2013, October ,2013
Government,Canada, Carretera , Low ,831.0, $20.00 ," $16,121.40 ",01/05/2014, May ,2014
Government,Mexico, Paseo , Low ,1760.0, $7.00 ," $11,950.40 ",01/09/2013, September ,2013
Government,Canada, Velo , Low ,3850.5, $20.00 ," $74,699.70 ",01/04/2014, April ,2014
Channel Partners,Germany, VTT , Low ,2479.0, $12.00 ," $28,855.56 ",01/01/2014, January ,2014
Midmarket,Mexico, Montana , Low ,2031.0, $15.00 ," $29,246.40 ",01/10/2014, October ,2014
Midmarket,Mexico, Paseo , Low ,2031.0, $15.00 ," $29,246.40 ",01/10/2014, October ,2014
Midmarket,France, Paseo , Low ,2261.0, $15.00 ," $32,558.40 ",01/12/2013, December ,2013
Government,United States of America, Velo , Low ,736.0, $20.00 ," $14,131.20 ",01/09/2013, September ,2013
Government,Canada, Carretera , Low ,2851.0, $7.00 ," $19,158.72 ",01/10/2013, October ,2013
Small Business,Germany, Carretera , Low ,2021.0, $300.00 ," $582,048.00 ",01/10/2014, October ,2014
Government,United States of America, Carretera , Low ,274.0, $350.00 ," $92,064.00 ",01/12/2014, December ,2014
Midmarket,Canada, Montana , Low ,1967.0, $15.00 ," $28,324.80 ",01/03/2014, March ,2014
Small Business,Germany, Montana , Low ,1859.0, $300.00 ," $535,392.00 ",01/08/2014, August ,2014
Government,Canada, Montana , Low ,2851.0, $7.00 ," $19,158.72 ",01/10/2013, October ,2013
Small Business,Germany, Montana , Low ,2021.0, $300.00 ," $582,048.00 ",01/10/2014, October ,2014
Enterprise,Mexico, Montana , Low ,1138.0, $125.00 ," $136,560.00 ",01/12/2014, December ,2014
Government,Canada, Paseo , Low ,4251.0, $7.00 ," $28,566.72 ",01/01/2014, January ,2014
Enterprise,Germany, Paseo , Low ,795.0, $125.00 ," $95,400.00 ",01/03/2014, March ,2014
Small Business,Germany, Paseo , Low ,1414.5, $300.00 ," $407,376.00 ",01/04/2014, April ,2014
Small Business,United States of America, Paseo , Low ,2918.0, $300.00 ," $840,384.00 ",01/05/2014, May ,2014
Government,United States of America, Paseo , Low ,3450.0, $350.00 ," $1,159,200.00 ",01/07/2014, July ,2014
Enterprise,France, Paseo , Low ,2988.0, $125.00 ," $358,560.00 ",01/07/2014, July ,2014
Midmarket,Canada, Paseo , Low ,218.0, $15.00 ," $3,139.20 ",01/09/2014, September ,2014
Government,Canada, Paseo , Low ,2074.0, $20.00 ," $39,820.80 ",01/09/2014, September ,2014
Government,United States of America, Paseo , Low ,1056.0, $20.00 ," $20,275.20 ",01/09/2014, September ,2014
Midmarket,United States of America, Paseo , Low ,671.0, $15.00 ," $9,662.40 ",01/10/2013, October ,2013
Midmarket,Mexico, Paseo , Low ,1514.0, $15.00 ," $21,801.60 ",01/10/2013, October ,2013
Government,United States of America, Paseo , Low ,274.0, $350.00 ," $92,064.00 ",01/12/2014, December ,2014
Enterprise,Mexico, Paseo , Low ,1138.0, $125.00 ," $136,560.00 ",01/12/2014, December ,2014
Channel Partners,United States of America, Velo , Low ,1465.0, $12.00 ," $16,876.80 ",01/03/2014, March ,2014
Government,Canada, Velo , Low ,2646.0, $20.00 ," $50,803.20 ",01/09/2013, September ,2013
Government,France, Velo , Low ,2177.0, $350.00 ," $731,472.00 ",01/10/2014, October ,2014
Channel Partners,France, VTT , Low ,866.0, $12.00 ," $9,976.32 ",01/05/2014, May ,2014
Government,United States of America, VTT , Low ,349.0, $350.00 ," $117,264.00 ",01/09/2013, September ,2013
Government,France, VTT , Low ,2177.0, $350.00 ," $731,472.00 ",01/10/2014, October ,2014
Midmarket,Mexico, VTT , Low ,1514.0, $15.00 ," $21,801.60 ",01/10/2013, October ,2013
Government,Mexico, Amarilla , Low ,1865.0, $350.00 ," $626,640.00 ",01/02/2014, February ,2014
Enterprise,Mexico, Amarilla , Low ,1074.0, $125.00 ," $128,880.00 ",01/04/2014, April ,2014
Government,Germany, Amarilla , Low ,1907.0, $350.00 ," $640,752.00 ",01/09/2014, September ,2014
Midmarket,United States of America, Amarilla , Low ,671.0, $15.00 ," $9,662.40 ",01/10/2013, October ,2013
Government,Canada, Amarilla , Low ,1778.0, $350.00 ," $597,408.00 ",01/12/2013, December ,2013
Government,Germany, Montana , Medium ,1159.0, $7.00 ," $7,707.35 ",01/10/2013, October ,2013
Government,Germany, Paseo , Medium ,1372.0, $7.00 ," $9,123.80 ",01/01/2014, January ,2014
Government,Canada, Paseo , Medium ,2349.0, $7.00 ," $15,620.85 ",01/09/2013, September ,2013
Government,Mexico, Paseo , Medium ,2689.0, $7.00 ," $17,881.85 ",01/10/2014, October ,2014
Channel Partners,Canada, Paseo , Medium ,2431.0, $12.00 ," $27,713.40 ",01/12/2014, December ,2014
Channel Partners,Canada, Velo , Medium ,2431.0, $12.00 ," $27,713.40 ",01/12/2014, December ,2014
Government,Mexico, VTT , Medium ,2689.0, $7.00 ," $17,881.85 ",01/10/2014, October ,2014
Government,Mexico, Amarilla , Medium ,1683.0, $7.00 ," $11,191.95 ",01/07/2014, July ,2014
Channel Partners,Mexico, Amarilla , Medium ,1123.0, $12.00 ," $12,802.20 ",01/08/2014, August ,2014
Government,Germany, Amarilla , Medium ,1159.0, $7.00 ," $7,707.35 ",01/10/2013, October ,2013
Channel Partners,France, Carretera , Medium ,1865.0, $12.00 ," $21,261.00 ",01/02/2014, February ,2014
Channel Partners,Germany, Carretera , Medium ,1116.0, $12.00 ," $12,722.40 ",01/02/2014, February ,2014
Government,France, Carretera , Medium ,1563.0, $20.00 ," $29,697.00 ",01/05/2014, May ,2014
Small Business,United States of America, Carretera , Medium ,991.0, $300.00 ," $282,435.00 ",01/06/2014, June ,2014
Government,Germany, Carretera , Medium ,1016.0, $7.00 ," $6,756.40 ",01/11/2013, November ,2013
Midmarket,Mexico, Carretera , Medium ,2791.0, $15.00 ," $39,771.75 ",01/11/2014, November ,2014
Government,United States of America, Carretera , Medium ,570.0, $7.00 ," $3,790.50 ",01/12/2014, December ,2014
Government,France, Carretera , Medium ,2487.0, $7.00 ," $16,538.55 ",01/12/2014, December ,2014
Government,France, Montana , Medium ,1384.5, $350.00 ," $460,346.25 ",01/01/2014, January ,2014
Enterprise,United States of America, Montana , Medium ,3627.0, $125.00 ," $430,706.25 ",01/07/2014, July ,2014
Government,Mexico, Montana , Medium ,720.0, $350.00 ," $239,400.00 ",01/09/2013, September ,2013
Channel Partners,Germany, Montana , Medium ,2342.0, $12.00 ," $26,698.80 ",01/11/2014, November ,2014
Small Business,Mexico, Montana , Medium ,1100.0, $300.00 ," $313,500.00 ",01/12/2013, December ,2013
Government,France, Paseo , Medium ,1303.0, $20.00 ," $24,757.00 ",01/02/2014, February ,2014
Enterprise,United States of America, Paseo , Medium ,2992.0, $125.00 ," $355,300.00 ",01/03/2014, March ,2014
Enterprise,France, Paseo , Medium ,2385.0, $125.00 ," $283,218.75 ",01/03/2014, March ,2014
Small Business,Mexico, Paseo , Medium ,1607.0, $300.00 ," $457,995.00 ",01/04/2014, April ,2014
Government,United States of America, Paseo , Medium ,2327.0, $7.00 ," $15,474.55 ",01/05/2014, May ,2014
Small Business,United States of America, Paseo , Medium ,991.0, $300.00 ," $282,435.00 ",01/06/2014, June ,2014
Government,United States of America, Paseo , Medium ,602.0, $350.00 ," $200,165.00 ",01/06/2014, June ,2014
Midmarket,France, Paseo , Medium ,2620.0, $15.00 ," $37,335.00 ",01/09/2014, September ,2014
Government,Canada, Paseo , Medium ,1228.0, $350.00 ," $408,310.00 ",01/10/2013, October ,2013
Government,Canada, Paseo , Medium ,1389.0, $20.00 ," $26,391.00 ",01/10/2013, October ,2013
Enterprise,United States of America, Paseo , Medium ,861.0, $125.00 ," $102,243.75 ",01/10/2014, October ,2014
Enterprise,France, Paseo , Medium ,704.0, $125.00 ," $83,600.00 ",01/10/2013, October ,2013
Government,Canada, Paseo , Medium ,1802.0, $20.00 ," $34,238.00 ",01/12/2013, December ,2013
Government,United States of America, Paseo , Medium ,2663.0, $20.00 ," $50,597.00 ",01/12/2014, December ,2014
Government,France, Paseo , Medium ,2136.0, $7.00 ," $14,204.40 ",01/12/2013, December ,2013
Midmarket,Germany, Paseo , Medium ,2116.0, $15.00 ," $30,153.00 ",01/12/2013, December ,2013
Midmarket,United States of America, Velo , Medium ,555.0, $15.00 ," $7,908.75 ",01/01/2014, January ,2014
Midmarket,Mexico, Velo , Medium ,2861.0, $15.00 ," $40,769.25 ",01/01/2014, January ,2014
Enterprise,Germany, Velo , Medium ,807.0, $125.00 ," $95,831.25 ",01/02/2014, February ,2014
Government,United States of America, Velo , Medium ,602.0, $350.00 ," $200,165.00 ",01/06/2014, June ,2014
Government,United States of America, Velo , Medium ,2832.0, $20.00 ," $53,808.00 ",01/08/2014, August ,2014
Government,France, Velo , Medium ,1579.0, $20.00 ," $30,001.00 ",01/08/2014, August ,2014
Enterprise,United States of America, Velo , Medium ,861.0, $125.00 ," $102,243.75 ",01/10/2014, October ,2014
Enterprise,France, Velo , Medium ,704.0, $125.00 ," $83,600.00 ",01/10/2013, October ,2013
Government,France, Velo , Medium ,1033.0, $20.00 ," $19,627.00 ",01/12/2013, December ,2013
Small Business,Germany, Velo , Medium ,1250.0, $300.00 ," $356,250.00 ",01/12/2014, December ,2014
Government,Canada, VTT , Medium ,1389.0, $20.00 ," $26,391.00 ",01/10/2013, October ,2013
Government,United States of America, VTT , Medium ,1265.0, $20.00 ," $24,035.00 ",01/11/2013, November ,2013
Government,Germany, VTT , Medium ,2297.0, $20.00 ," $43,643.00 ",01/11/2013, November ,2013
Government,United States of America, VTT , Medium ,2663.0, $20.00 ," $50,597.00 ",01/12/2014, December ,2014
Government,United States of America, VTT , Medium ,570.0, $7.00 ," $3,790.50 ",01/12/2014, December ,2014
Government,France, VTT , Medium ,2487.0, $7.00 ," $16,538.55 ",01/12/2014, December ,2014
Government,Germany, Amarilla , Medium ,1350.0, $350.00 ," $448,875.00 ",01/02/2014, February ,2014
Government,Canada, Amarilla , Medium ,552.0, $350.00 ," $183,540.00 ",01/08/2014, August ,2014
Government,Canada, Amarilla , Medium ,1228.0, $350.00 ," $408,310.00 ",01/10/2013, October ,2013
Small Business,Germany, Amarilla , Medium ,1250.0, $300.00 ," $356,250.00 ",01/12/2014, December ,2014
Midmarket,France, Paseo , Medium ,3801.0, $15.00 ," $53,594.10 ",01/04/2014, April ,2014
Government,United States of America, Carretera , Medium ,1117.5, $20.00 ," $21,009.00 ",01/01/2014, January ,2014
Midmarket,Canada, Carretera , Medium ,2844.0, $15.00 ," $40,100.40 ",01/06/2014, June ,2014
Channel Partners,Mexico, Carretera , Medium ,562.0, $12.00 ," $6,339.36 ",01/09/2014, September ,2014
Channel Partners,Canada, Carretera , Medium ,2299.0, $12.00 ," $25,932.72 ",01/10/2013, October ,2013
Midmarket,United States of America, Carretera , Medium ,2030.0, $15.00 ," $28,623.00 ",01/11/2014, November ,2014
Government,United States of America, Carretera , Medium ,263.0, $7.00 ," $1,730.54 ",01/11/2013, November ,2013
Enterprise,Germany, Carretera , Medium ,887.0, $125.00 ," $104,222.50 ",01/12/2013, December ,2013
Government,Mexico, Montana , Medium ,980.0, $350.00 ," $322,420.00 ",01/04/2014, April ,2014
Government,Germany, Montana , Medium ,1460.0, $350.00 ," $480,340.00 ",01/05/2014, May ,2014
Government,France, Montana , Medium ,1403.0, $7.00 ," $9,231.74 ",01/10/2013, October ,2013
Channel Partners,United States of America, Montana , Medium ,2723.0, $12.00 ," $30,715.44 ",01/11/2014, November ,2014
Government,France, Paseo , Medium ,1496.0, $350.00 ," $492,184.00 ",01/06/2014, June ,2014
Channel Partners,Canada, Paseo , Medium ,2299.0, $12.00 ," $25,932.72 ",01/10/2013, October ,2013
Government,United States of America, Paseo , Medium ,727.0, $350.00 ," $239,183.00 ",01/10/2013, October ,2013
Enterprise,Canada, Velo , Medium ,952.0, $125.00 ," $111,860.00 ",01/02/2014, February ,2014
Enterprise,United States of America, Velo , Medium ,2755.0, $125.00 ," $323,712.50 ",01/02/2014, February ,2014
Midmarket,Germany, Velo , Medium ,1530.0, $15.00 ," $21,573.00 ",01/05/2014, May ,2014
Government,France, Velo , Medium ,1496.0, $350.00 ," $492,184.00 ",01/06/2014, June ,2014
Government,Mexico, Velo , Medium ,1498.0, $7.00 ," $9,856.84 ",01/06/2014, June ,2014
Small Business,France, Velo , Medium ,1221.0, $300.00 ," $344,322.00 ",01/10/2013, October ,2013
Government,France, Velo , Medium ,2076.0, $350.00 ," $683,004.00 ",01/10/2013, October ,2013
Midmarket,Canada, VTT , Medium ,2844.0, $15.00 ," $40,100.40 ",01/06/2014, June ,2014
Government,Mexico, VTT , Medium ,1498.0, $7.00 ," $9,856.84 ",01/06/2014, June ,2014
Small Business,France, VTT , Medium ,1221.0, $300.00 ," $344,322.00 ",01/10/2013, October ,2013
Government,Mexico, VTT , Medium ,1123.0, $20.00 ," $21,112.40 ",01/11/2013, November ,2013
Small Business,Canada, VTT , Medium ,2436.0, $300.00 ," $686,952.00 ",01/12/2013, December ,2013
Enterprise,France, Amarilla , Medium ,1987.5, $125.00 ," $233,531.25 ",01/01/2014, January ,2014
Government,Mexico, Amarilla , Medium ,1679.0, $350.00 ," $552,391.00 ",01/09/2014, September ,2014
Government,United States of America, Amarilla , Medium ,727.0, $350.00 ," $239,183.00 ",01/10/2013, October ,2013
Government,France, Amarilla , Medium ,1403.0, $7.00 ," $9,231.74 ",01/10/2013, October ,2013
Government,France, Amarilla , Medium ,2076.0, $350.00 ," $683,004.00 ",01/10/2013, October ,2013
Government,France, Montana , Medium ,1757.0, $20.00 ," $33,031.60 ",01/10/2013, October ,2013
Midmarket,United States of America, Paseo , Medium ,2198.0, $15.00 ," $30,991.80 ",01/08/2014, August ,2014
Midmarket,Germany, Paseo , Medium ,1743.0, $15.00 ," $24,576.30 ",01/08/2014, August ,2014
Midmarket,United States of America, Paseo , Medium ,1153.0, $15.00 ," $16,257.30 ",01/10/2014, October ,2014
Government,France, Paseo , Medium ,1757.0, $20.00 ," $33,031.60 ",01/10/2013, October ,2013
Government,Germany, Velo , Medium ,1001.0, $20.00 ," $18,818.80 ",01/08/2014, August ,2014
Government,Mexico, Velo , Medium ,1333.0, $7.00 ," $8,771.14 ",01/11/2014, November ,2014
Midmarket,United States of America, VTT , Medium ,1153.0, $15.00 ," $16,257.30 ",01/10/2014, October ,2014
Channel Partners,Mexico, Carretera , Medium ,727.0, $12.00 ," $8,113.32 ",01/02/2014, February ,2014
Channel Partners,Canada, Carretera , Medium ,1884.0, $12.00 ," $21,025.44 ",01/08/2014, August ,2014
Government,Mexico, Carretera , Medium ,1834.0, $20.00 ," $34,112.40 ",01/09/2013, September ,2013
Channel Partners,Mexico, Montana , Medium ,2340.0, $12.00 ," $26,114.40 ",01/01/2014, January ,2014
Channel Partners,France, Montana , Medium ,2342.0, $12.00 ," $26,136.72 ",01/11/2014, November ,2014
Government,France, Paseo , Medium ,1031.0, $7.00 ," $6,711.81 ",01/09/2013, September ,2013
Midmarket,Canada, Velo , Medium ,1262.0, $15.00 ," $17,604.90 ",01/05/2014, May ,2014
Government,Canada, Velo , Medium ,1135.0, $7.00 ," $7,388.85 ",01/06/2014, June ,2014
Government,United States of America, Velo , Medium ,547.0, $7.00 ," $3,560.97 ",01/11/2014, November ,2014
Government,Canada, Velo , Medium ,1582.0, $7.00 ," $10,298.82 ",01/12/2014, December ,2014
Channel Partners,France, VTT , Medium ,1738.5, $12.00 ," $19,401.66 ",01/04/2014, April ,2014
Channel Partners,Germany, VTT , Medium ,2215.0, $12.00 ," $24,719.40 ",01/09/2013, September ,2013
Government,Canada, VTT , Medium ,1582.0, $7.00 ," $10,298.82 ",01/12/2014, December ,2014
Government,Canada, Amarilla , Medium ,1135.0, $7.00 ," $7,388.85 ",01/06/2014, June ,2014
Government,United States of America, Carretera , Medium ,1761.0, $350.00 ," $573,205.50 ",01/03/2014, March ,2014
Small Business,France, Carretera , Medium ,448.0, $300.00 ," $124,992.00 ",01/06/2014, June ,2014
Small Business,France, Carretera , Medium ,2181.0, $300.00 ," $608,499.00 ",01/10/2014, October ,2014
Government,France, Montana , Medium ,1976.0, $20.00 ," $36,753.60 ",01/10/2014, October ,2014
Small Business,France, Montana , Medium ,2181.0, $300.00 ," $608,499.00 ",01/10/2014, October ,2014
Enterprise,Germany, Montana , Medium ,2500.0, $125.00 ," $290,625.00 ",01/11/2013, November ,2013
Small Business,Canada, Paseo , Medium ,1702.0, $300.00 ," $474,858.00 ",01/05/2014, May ,2014
Small Business,France, Paseo , Medium ,448.0, $300.00 ," $124,992.00 ",01/06/2014, June ,2014
Enterprise,Germany, Paseo , Medium ,3513.0, $125.00 ," $408,386.25 ",01/07/2014, July ,2014
Midmarket,France, Paseo , Medium ,2101.0, $15.00 ," $29,308.95 ",01/08/2014, August ,2014
Midmarket,United States of America, Paseo , Medium ,2931.0, $15.00 ," $40,887.45 ",01/09/2013, September ,2013
Government,France, Paseo , Medium ,1535.0, $20.00 ," $28,551.00 ",01/09/2014, September ,2014
Small Business,Germany, Paseo , Medium ,1123.0, $300.00 ," $313,317.00 ",01/09/2013, September ,2013
Small Business,Canada, Paseo , Medium ,1404.0, $300.00 ," $391,716.00 ",01/11/2013, November ,2013
Channel Partners,Mexico, Paseo , Medium ,2763.0, $12.00 ," $30,835.08 ",01/11/2013, November ,2013
Government,Germany, Paseo , Medium ,2125.0, $7.00 ," $13,833.75 ",01/12/2013, December ,2013
Small Business,France, Velo , Medium ,1659.0, $300.00 ," $462,861.00 ",01/07/2014, July ,2014
Government,Mexico, Velo , Medium ,609.0, $20.00 ," $11,327.40 ",01/08/2014, August ,2014
Enterprise,Germany, Velo , Medium ,2087.0, $125.00 ," $242,613.75 ",01/09/2014, September ,2014
Government,France, Velo , Medium ,1976.0, $20.00 ," $36,753.60 ",01/10/2014, October ,2014
Government,United States of America, Velo , Medium ,1421.0, $20.00 ," $26,430.60 ",01/12/2013, December ,2013
Small Business,United States of America, Velo , Medium ,1372.0, $300.00 ," $382,788.00 ",01/12/2014, December ,2014
Government,Germany, Velo , Medium ,588.0, $20.00 ," $10,936.80 ",01/12/2013, December ,2013
Channel Partners,Canada, VTT , Medium ,3244.5, $12.00 ," $36,208.62 ",01/01/2014, January ,2014
Small Business,France, VTT , Medium ,959.0, $300.00 ," $267,561.00 ",01/02/2014, February ,2014
Small Business,Mexico, VTT , Medium ,2747.0, $300.00 ," $766,413.00 ",01/02/2014, February ,2014
Enterprise,Canada, Amarilla , Medium ,1645.0, $125.00 ," $191,231.25 ",01/05/2014, May ,2014
Government,France, Amarilla , Medium ,2876.0, $350.00 ," $936,138.00 ",01/09/2014, September ,2014
Enterprise,Germany, Amarilla , Medium ,994.0, $125.00 ," $115,552.50 ",01/09/2013, September ,2013
Government,Canada, Amarilla , Medium ,1118.0, $20.00 ," $20,794.80 ",01/11/2014, November ,2014
Small Business,United States of America, Amarilla , Medium ,1372.0, $300.00 ," $382,788.00 ",01/12/2014, December ,2014
Government,Canada, Montana , Medium ,488.0, $7.00 ," $3,142.72 ",01/02/2014, February ,2014
Government,United States of America, Montana , Medium ,1282.0, $20.00 ," $23,588.80 ",01/06/2014, June ,2014
Government,Canada, Paseo , Medium ,257.0, $7.00 ," $1,655.08 ",01/05/2014, May ,2014
Government,United States of America, Amarilla , Medium ,1282.0, $20.00 ," $23,588.80 ",01/06/2014, June ,2014
Enterprise,Mexico, Carretera , Medium ,1540.0, $125.00 ," $177,100.00 ",01/08/2014, August ,2014
Midmarket,France, Carretera , Medium ,490.0, $15.00 ," $6,762.00 ",01/11/2014, November ,2014
Government,Mexico, Carretera , Medium ,1362.0, $350.00 ," $438,564.00 ",01/12/2014, December ,2014
Midmarket,France, Montana , Medium ,2501.0, $15.00 ," $34,513.80 ",01/03/2014, March ,2014
Government,Canada, Montana , Medium ,708.0, $20.00 ," $13,027.20 ",01/06/2014, June ,2014
Government,Germany, Montana , Medium ,645.0, $20.00 ," $11,868.00 ",01/07/2014, July ,2014
Small Business,France, Montana , Medium ,1562.0, $300.00 ," $431,112.00 ",01/08/2014, August ,2014
Small Business,Canada, Montana , Medium ,1283.0, $300.00 ," $354,108.00 ",01/09/2013, September ,2013
Midmarket,Germany, Montana , Medium ,711.0, $15.00 ," $9,811.80 ",01/12/2014, December ,2014
Enterprise,Mexico, Paseo , Medium ,1114.0, $125.00 ," $128,110.00 ",01/03/2014, March ,2014
Government,Germany, Paseo , Medium ,1259.0, $7.00 ," $8,107.96 ",01/04/2014, April ,2014
Government,Germany, Paseo , Medium ,1095.0, $7.00 ," $7,051.80 ",01/05/2014, May ,2014
Government,Germany, Paseo , Medium ,1366.0, $20.00 ," $25,134.40 ",01/06/2014, June ,2014
Small Business,Mexico, Paseo , Medium ,2460.0, $300.00 ," $678,960.00 ",01/06/2014, June ,2014
Government,United States of America, Paseo , Medium ,678.0, $7.00 ," $4,366.32 ",01/08/2014, August ,2014
Government,Germany, Paseo , Medium ,1598.0, $7.00 ," $10,291.12 ",01/08/2014, August ,2014
Government,Germany, Paseo , Medium ,2409.0, $7.00 ," $15,513.96 ",01/09/2013, September ,2013
Government,Germany, Paseo , Medium ,1934.0, $20.00 ," $35,585.60 ",01/09/2014, September ,2014
Government,Mexico, Paseo , Medium ,2993.0, $20.00 ," $55,071.20 ",01/09/2014, September ,2014
Government,Germany, Paseo , Medium ,2146.0, $350.00 ," $691,012.00 ",01/11/2013, November ,2013
Government,Mexico, Paseo , Medium ,1946.0, $7.00 ," $12,532.24 ",01/12/2013, December ,2013
Government,Mexico, Paseo , Medium ,1362.0, $350.00 ," $438,564.00 ",01/12/2014, December ,2014
Channel Partners,Canada, Velo , Medium ,598.0, $12.00 ," $6,601.92 ",01/03/2014, March ,2014
Government,United States of America, Velo , Medium ,2907.0, $7.00 ," $18,721.08 ",01/06/2014, June ,2014
Government,Germany, Velo , Medium ,2338.0, $7.00 ," $15,056.72 ",01/06/2014, June ,2014
Small Business,France, Velo , Medium ,386.0, $300.00 ," $106,536.00 ",01/11/2013, November ,2013
Small Business,Mexico, Velo , Medium ,635.0, $300.00 ," $175,260.00 ",01/12/2014, December ,2014
Government,France, VTT , Medium ,574.5, $350.00 ," $184,989.00 ",01/04/2014, April ,2014
Government,Germany, VTT , Medium ,2338.0, $7.00 ," $15,056.72 ",01/06/2014, June ,2014
Government,France, VTT , Medium ,381.0, $350.00 ," $122,682.00 ",01/08/2014, August ,2014
Government,Germany, VTT , Medium ,422.0, $350.00 ," $135,884.00 ",01/08/2014, August ,2014
Small Business,Canada, VTT , Medium ,2134.0, $300.00 ," $588,984.00 ",01/09/2014, September ,2014
Small Business,United States of America, VTT , Medium ,808.0, $300.00 ," $223,008.00 ",01/12/2013, December ,2013
Government,Canada, Amarilla , Medium ,708.0, $20.00 ," $13,027.20 ",01/06/2014, June ,2014
Government,United States of America, Amarilla , Medium ,2907.0, $7.00 ," $18,721.08 ",01/06/2014, June ,2014
Government,Germany, Amarilla , Medium ,1366.0, $20.00 ," $25,134.40 ",01/06/2014, June ,2014
Small Business,Mexico, Amarilla , Medium ,2460.0, $300.00 ," $678,960.00 ",01/06/2014, June ,2014
Government,Germany, Amarilla , Medium ,1520.0, $20.00 ," $27,968.00 ",01/11/2014, November ,2014
Midmarket,Germany, Amarilla , Medium ,711.0, $15.00 ," $9,811.80 ",01/12/2014, December ,2014
Channel Partners,Mexico, Amarilla , Medium ,1375.0, $12.00 ," $15,180.00 ",01/12/2013, December ,2013
Small Business,Mexico, Amarilla , Medium ,635.0, $300.00 ," $175,260.00 ",01/12/2014, December ,2014
Government,United States of America, VTT , Medium ,436.5, $20.00 ," $8,031.60 ",01/07/2014, July ,2014
Small Business,Canada, Carretera , Medium ,1094.0, $300.00 ," $298,662.00 ",01/06/2014, June ,2014
Channel Partners,Mexico, Carretera , Medium ,367.0, $12.00 ," $4,007.64 ",01/10/2013, October ,2013
Small Business,Canada, Montana , Medium ,3802.5, $300.00 ," $1,038,082.50 ",01/04/2014, April ,2014
Government,France, Montana , Medium ,1666.0, $350.00 ," $530,621.00 ",01/05/2014, May ,2014
Small Business,France, Montana , Medium ,322.0, $300.00 ," $87,906.00 ",01/09/2013, September ,2013
Channel Partners,Canada, Montana , Medium ,2321.0, $12.00 ," $25,345.32 ",01/11/2014, November ,2014
Enterprise,France, Montana , Medium ,1857.0, $125.00 ," $211,233.75 ",01/11/2013, November ,2013
Government,Canada, Montana , Medium ,1611.0, $7.00 ," $10,262.07 ",01/12/2013, December ,2013
Enterprise,United States of America, Montana , Medium ,2797.0, $125.00 ," $318,158.75 ",01/12/2014, December ,2014
Small Business,Germany, Montana , Medium ,334.0, $300.00 ," $91,182.00 ",01/12/2013, December ,2013
Small Business,Mexico, Paseo , Medium ,2565.0, $300.00 ," $700,245.00 ",01/01/2014, January ,2014
Government,Mexico, Paseo , Medium ,2417.0, $350.00 ," $769,814.50 ",01/01/2014, January ,2014
Midmarket,United States of America, Paseo , Medium ,3675.0, $15.00 ," $50,163.75 ",01/04/2014, April ,2014
Small Business,Canada, Paseo , Medium ,1094.0, $300.00 ," $298,662.00 ",01/06/2014, June ,2014
Midmarket,France, Paseo , Medium ,1227.0, $15.00 ," $16,748.55 ",01/10/2014, October ,2014
Channel Partners,Mexico, Paseo , Medium ,367.0, $12.00 ," $4,007.64 ",01/10/2013, October ,2013
Small Business,France, Paseo , Medium ,1324.0, $300.00 ," $361,452.00 ",01/11/2014, November ,2014
Channel Partners,Germany, Paseo , Medium ,1775.0, $12.00 ," $19,383.00 ",01/11/2013, November ,2013
Enterprise,United States of America, Paseo , Medium ,2797.0, $125.00 ," $318,158.75 ",01/12/2014, December ,2014
Midmarket,Mexico, Velo , Medium ,245.0, $15.00 ," $3,344.25 ",01/05/2014, May ,2014
Small Business,Canada, Velo , Medium ,3793.5, $300.00 ," $1,035,625.50 ",01/07/2014, July ,2014
Government,Germany, Velo , Medium ,1307.0, $350.00 ," $416,279.50 ",01/07/2014, July ,2014
Enterprise,Canada, Velo , Medium ,567.0, $125.00 ," $64,496.25 ",01/09/2014, September ,2014
Enterprise,Mexico, Velo , Medium ,2110.0, $125.00 ," $240,012.50 ",01/09/2014, September ,2014
Government,Canada, Velo , Medium ,1269.0, $350.00 ," $404,176.50 ",01/10/2014, October ,2014
Channel Partners,United States of America, VTT , Medium ,1956.0, $12.00 ," $21,359.52 ",01/01/2014, January ,2014
Small Business,Germany, VTT , Medium ,2659.0, $300.00 ," $725,907.00 ",01/02/2014, February ,2014
Government,United States of America, VTT , Medium ,1351.5, $350.00 ," $430,452.75 ",01/04/2014, April ,2014
Channel Partners,Germany, VTT , Medium ,880.0, $12.00 ," $9,609.60 ",01/05/2014, May ,2014
Small Business,United States of America, VTT , Medium ,1867.0, $300.00 ," $509,691.00 ",01/09/2014, September ,2014
Channel Partners,France, VTT , Medium ,2234.0, $12.00 ," $24,395.28 ",01/09/2013, September ,2013
Midmarket,France, VTT , Medium ,1227.0, $15.00 ," $16,748.55 ",01/10/2014, October ,2014
Enterprise,Mexico, VTT , Medium ,877.0, $125.00 ," $99,758.75 ",01/11/2014, November ,2014
Government,United States of America, Amarilla , Medium ,2071.0, $350.00 ," $659,613.50 ",01/09/2014, September ,2014
Government,Canada, Amarilla , Medium ,1269.0, $350.00 ," $404,176.50 ",01/10/2014, October ,2014
Midmarket,Germany, Amarilla , Medium ,970.0, $15.00 ," $13,240.50 ",01/11/2013, November ,2013
Government,Mexico, Amarilla , Medium ,1694.0, $20.00 ," $30,830.80 ",01/11/2014, November ,2014
Government,Germany, Carretera , Medium ,663.0, $20.00 ," $12,066.60 ",01/05/2014, May ,2014
Government,Canada, Carretera , Medium ,819.0, $7.00 ," $5,217.03 ",01/07/2014, July ,2014
Channel Partners,Germany, Carretera , Medium ,1580.0, $12.00 ," $17,253.60 ",01/09/2014, September ,2014
Government,Mexico, Carretera , Medium ,521.0, $7.00 ," $3,318.77 ",01/12/2014, December ,2014
Government,United States of America, Paseo , Medium ,973.0, $20.00 ," $17,708.60 ",01/03/2014, March ,2014
Government,Mexico, Paseo , Medium ,1038.0, $20.00 ," $18,891.60 ",01/06/2014, June ,2014
Government,Germany, Paseo , Medium ,360.0, $7.00 ," $2,293.20 ",01/10/2014, October ,2014
Channel Partners,France, Velo , Medium ,1967.0, $12.00 ," $21,479.64 ",01/03/2014, March ,2014
Midmarket,Mexico, Velo , Medium ,2628.0, $15.00 ," $35,872.20 ",01/04/2014, April ,2014
Government,Germany, VTT , Medium ,360.0, $7.00 ," $2,293.20 ",01/10/2014, October ,2014
Government,France, VTT , Medium ,2682.0, $20.00 ," $48,812.40 ",01/11/2013, November ,2013
Government,Mexico, VTT , Medium ,521.0, $7.00 ," $3,318.77 ",01/12/2014, December ,2014
Government,Mexico, Amarilla , Medium ,1038.0, $20.00 ," $18,891.60 ",01/06/2014, June ,2014
Midmarket,Canada, Amarilla , Medium ,1630.5, $15.00 ," $22,256.33 ",01/07/2014, July ,2014
Channel Partners,France, Amarilla , Medium ,306.0, $12.00 ," $3,341.52 ",01/12/2013, December ,2013
Channel Partners,United States of America, Carretera , High ,386.0, $12.00 ," $4,168.80 ",01/10/2013, October ,2013
Government,United States of America, Montana , High ,2328.0, $7.00 ," $14,666.40 ",01/09/2014, September ,2014
Channel Partners,United States of America, Paseo , High ,386.0, $12.00 ," $4,168.80 ",01/10/2013, October ,2013
Enterprise,United States of America, Carretera , High ,3445.5, $125.00 ," $387,618.75 ",01/04/2014, April ,2014
Enterprise,France, Carretera , High ,1482.0, $125.00 ," $166,725.00 ",01/12/2013, December ,2013
Government,United States of America, Montana , High ,2313.0, $350.00 ," $728,595.00 ",01/05/2014, May ,2014
Enterprise,United States of America, Montana , High ,1804.0, $125.00 ," $202,950.00 ",01/11/2013, November ,2013
Midmarket,France, Montana , High ,2072.0, $15.00 ," $27,972.00 ",01/12/2014, December ,2014
Government,France, Paseo , High ,1954.0, $20.00 ," $35,172.00 ",01/03/2014, March ,2014
Small Business,Mexico, Paseo , High ,591.0, $300.00 ," $159,570.00 ",01/05/2014, May ,2014
Midmarket,France, Paseo , High ,2167.0, $15.00 ," $29,254.50 ",01/10/2013, October ,2013
Government,Germany, Paseo , High ,241.0, $20.00 ," $4,338.00 ",01/10/2014, October ,2014
Midmarket,Germany, Velo , High ,681.0, $15.00 ," $9,193.50 ",01/01/2014, January ,2014
Midmarket,Germany, Velo , High ,510.0, $15.00 ," $6,885.00 ",01/04/2014, April ,2014
Midmarket,United States of America, Velo , High ,790.0, $15.00 ," $10,665.00 ",01/05/2014, May ,2014
Government,France, Velo , High ,639.0, $350.00 ," $201,285.00 ",01/07/2014, July ,2014
Enterprise,United States of America, Velo , High ,1596.0, $125.00 ," $179,550.00 ",01/09/2014, September ,2014
Small Business,United States of America, Velo , High ,2294.0, $300.00 ," $619,380.00 ",01/10/2013, October ,2013
Government,Germany, Velo , High ,241.0, $20.00 ," $4,338.00 ",01/10/2014, October ,2014
Government,Germany, Velo , High ,2665.0, $7.00 ," $16,789.50 ",01/11/2014, November ,2014
Enterprise,Canada, Velo , High ,1916.0, $125.00 ," $215,550.00 ",01/12/2013, December ,2013
Small Business,France, Velo , High ,853.0, $300.00 ," $230,310.00 ",01/12/2014, December ,2014
Enterprise,Mexico, VTT , High ,341.0, $125.00 ," $38,362.50 ",01/05/2014, May ,2014
Midmarket,Mexico, VTT , High ,641.0, $15.00 ," $8,653.50 ",01/07/2014, July ,2014
Government,United States of America, VTT , High ,2807.0, $350.00 ," $884,205.00 ",01/08/2014, August ,2014
Small Business,Mexico, VTT , High ,432.0, $300.00 ," $116,640.00 ",01/09/2014, September ,2014
Small Business,United States of America, VTT , High ,2294.0, $300.00 ," $619,380.00 ",01/10/2013, October ,2013
Midmarket,France, VTT , High ,2167.0, $15.00 ," $29,254.50 ",01/10/2013, October ,2013
Enterprise,Canada, VTT , High ,2529.0, $125.00 ," $284,512.50 ",01/11/2014, November ,2014
Government,Germany, VTT , High ,1870.0, $350.00 ," $589,050.00 ",01/12/2013, December ,2013
Enterprise,United States of America, Amarilla , High ,579.0, $125.00 ," $65,137.50 ",01/01/2014, January ,2014
Government,Canada, Amarilla , High ,2240.0, $350.00 ," $705,600.00 ",01/02/2014, February ,2014
Small Business,United States of America, Amarilla , High ,2993.0, $300.00 ," $808,110.00 ",01/03/2014, March ,2014
Channel Partners,Canada, Amarilla , High ,3520.5, $12.00 ," $38,021.40 ",01/04/2014, April ,2014
Government,Mexico, Amarilla , High ,2039.0, $20.00 ," $36,702.00 ",01/05/2014, May ,2014
Channel Partners,Germany, Amarilla , High ,2574.0, $12.00 ," $27,799.20 ",01/08/2014, August ,2014
Government,Canada, Amarilla , High ,707.0, $350.00 ," $222,705.00 ",01/09/2014, September ,2014
Midmarket,France, Amarilla , High ,2072.0, $15.00 ," $27,972.00 ",01/12/2014, December ,2014
Small Business,France, Amarilla , High ,853.0, $300.00 ," $230,310.00 ",01/12/2014, December ,2014
Channel Partners,France, Carretera , High ,1198.0, $12.00 ," $12,794.64 ",01/10/2013, October ,2013
Government,France, Paseo , High ,2532.0, $7.00 ," $15,774.36 ",01/04/2014, April ,2014
Channel Partners,France, Paseo , High ,1198.0, $12.00 ," $12,794.64 ",01/10/2013, October ,2013
Midmarket,Canada, Velo , High ,384.0, $15.00 ," $5,126.40 ",01/01/2014, January ,2014
Channel Partners,Germany, Velo , High ,472.0, $12.00 ," $5,040.96 ",01/10/2014, October ,2014
Government,United States of America, VTT , High ,1579.0, $7.00 ," $9,837.17 ",01/03/2014, March ,2014
Channel Partners,Mexico, VTT , High ,1005.0, $12.00 ," $10,733.40 ",01/09/2013, September ,2013
Midmarket,United States of America, Amarilla , High ,3199.5, $15.00 ," $42,713.33 ",01/07/2014, July ,2014
Channel Partners,Germany, Amarilla , High ,472.0, $12.00 ," $5,040.96 ",01/10/2014, October ,2014
Channel Partners,Canada, Carretera , High ,1937.0, $12.00 ," $20,687.16 ",01/02/2014, February ,2014
Government,Germany, Carretera , High ,792.0, $350.00 ," $246,708.00 ",01/03/2014, March ,2014
Small Business,Germany, Carretera , High ,2811.0, $300.00 ," $750,537.00 ",01/07/2014, July ,2014
Enterprise,France, Carretera , High ,2441.0, $125.00 ," $271,561.25 ",01/10/2014, October ,2014
Midmarket,Canada, Carretera , High ,1560.0, $15.00 ," $20,826.00 ",01/11/2013, November ,2013
Government,Mexico, Carretera , High ,2706.0, $7.00 ," $16,858.38 ",01/11/2013, November ,2013
Government,Germany, Montana , High ,766.0, $350.00 ," $238,609.00 ",01/01/2014, January ,2014
Government,Germany, Montana , High ,2992.0, $20.00 ," $53,257.60 ",01/10/2013, October ,2013
Midmarket,Mexico, Montana , High ,2157.0, $15.00 ," $28,795.95 ",01/12/2014, December ,2014
Small Business,Canada, Paseo , High ,873.0, $300.00 ," $233,091.00 ",01/01/2014, January ,2014
Government,Mexico, Paseo , High ,1122.0, $20.00 ," $19,971.60 ",01/03/2014, March ,2014
Government,Canada, Paseo , High ,2104.5, $350.00 ," $655,551.75 ",01/07/2014, July ,2014
Channel Partners,Canada, Paseo , High ,4026.0, $12.00 ," $42,997.68 ",01/07/2014, July ,2014
Channel Partners,France, Paseo , High ,2425.5, $12.00 ," $25,904.34 ",01/07/2014, July ,2014
Government,Canada, Paseo , High ,2394.0, $20.00 ," $42,613.20 ",01/08/2014, August ,2014
Midmarket,Mexico, Paseo , High ,1984.0, $15.00 ," $26,486.40 ",01/08/2014, August ,2014
Enterprise,France, Paseo , High ,2441.0, $125.00 ," $271,561.25 ",01/10/2014, October ,2014
Government,Germany, Paseo , High ,2992.0, $20.00 ," $53,257.60 ",01/10/2013, October ,2013
Small Business,Canada, Paseo , High ,1366.0, $300.00 ," $364,722.00 ",01/11/2014, November ,2014
Government,France, Velo , High ,2805.0, $20.00 ," $49,929.00 ",01/09/2013, September ,2013
Midmarket,Mexico, Velo , High ,655.0, $15.00 ," $8,744.25 ",01/09/2013, September ,2013
Government,Mexico, Velo , High ,344.0, $350.00 ," $107,156.00 ",01/10/2013, October ,2013
Government,Canada, Velo , High ,1808.0, $7.00 ," $11,263.84 ",01/11/2014, November ,2014
Channel Partners,France, VTT , High ,1734.0, $12.00 ," $18,519.12 ",01/01/2014, January ,2014
Enterprise,Mexico, VTT , High ,554.0, $125.00 ," $61,632.50 ",01/01/2014, January ,2014
Government,Canada, VTT , High ,2935.0, $20.00 ," $52,243.00 ",01/11/2013, November ,2013
Enterprise,Germany, Amarilla , High ,3165.0, $125.00 ," $352,106.25 ",01/01/2014, January ,2014
Government,Mexico, Amarilla , High ,2629.0, $20.00 ," $46,796.20 ",01/01/2014, January ,2014
Enterprise,France, Amarilla , High ,1433.0, $125.00 ," $159,421.25 ",01/05/2014, May ,2014
Enterprise,Mexico, Amarilla , High ,947.0, $125.00 ," $105,353.75 ",01/09/2013, September ,2013
Government,Mexico, Amarilla , High ,344.0, $350.00 ," $107,156.00 ",01/10/2013, October ,2013
Midmarket,Mexico, Amarilla , High ,2157.0, $15.00 ," $28,795.95 ",01/12/2014, December ,2014
Government,United States of America, Paseo , High ,380.0, $7.00 ," $2,367.40 ",01/09/2013, September ,2013
Government,Mexico, Carretera , High ,886.0, $350.00 ," $272,888.00 ",01/06/2014, June ,2014
Enterprise,Canada, Carretera , High ,2416.0, $125.00 ," $265,760.00 ",01/09/2013, September ,2013
Enterprise,Mexico, Carretera , High ,2156.0, $125.00 ," $237,160.00 ",01/10/2014, October ,2014
Midmarket,Canada, Carretera , High ,2689.0, $15.00 ," $35,494.80 ",01/11/2014, November ,2014
Midmarket,United States of America, Montana , High ,677.0, $15.00 ," $8,936.40 ",01/03/2014, March ,2014
Small Business,France, Montana , High ,1773.0, $300.00 ," $468,072.00 ",01/04/2014, April ,2014
Government,Mexico, Montana , High ,2420.0, $7.00 ," $14,907.20 ",01/09/2014, September ,2014
Government,Canada, Montana , High ,2734.0, $7.00 ," $16,841.44 ",01/10/2014, October ,2014
Government,Mexico, Montana , High ,1715.0, $20.00 ," $30,184.00 ",01/10/2013, October ,2013
Small Business,France, Montana , High ,1186.0, $300.00 ," $313,104.00 ",01/12/2013, December ,2013
Small Business,United States of America, Paseo , High ,3495.0, $300.00 ," $922,680.00 ",01/01/2014, January ,2014
Government,Mexico, Paseo , High ,886.0, $350.00 ," $272,888.00 ",01/06/2014, June ,2014
Enterprise,Mexico, Paseo , High ,2156.0, $125.00 ," $237,160.00 ",01/10/2014, October ,2014
Government,Mexico, Paseo , High ,905.0, $20.00 ," $15,928.00 ",01/10/2014, October ,2014
Government,Mexico, Paseo , High ,1715.0, $20.00 ," $30,184.00 ",01/10/2013, October ,2013
Government,France, Paseo , High ,1594.0, $350.00 ," $490,952.00 ",01/11/2014, November ,2014
Small Business,Germany, Paseo , High ,1359.0, $300.00 ," $358,776.00 ",01/11/2014, November ,2014
Small Business,Mexico, Paseo , High ,2150.0, $300.00 ," $567,600.00 ",01/11/2014, November ,2014
Government,Mexico, Paseo , High ,1197.0, $350.00 ," $368,676.00 ",01/11/2014, November ,2014
Midmarket,Mexico, Paseo , High ,380.0, $15.00 ," $5,016.00 ",01/12/2013, December ,2013
Government,Mexico, Paseo , High ,1233.0, $20.00 ," $21,700.80 ",01/12/2014, December ,2014
Government,Mexico, Velo , High ,1395.0, $350.00 ," $429,660.00 ",01/07/2014, July ,2014
Government,United States of America, Velo , High ,986.0, $350.00 ," $303,688.00 ",01/10/2014, October ,2014
Government,Mexico, Velo , High ,905.0, $20.00 ," $15,928.00 ",01/10/2014, October ,2014
Channel Partners,Canada, VTT , High ,2109.0, $12.00 ," $22,271.04 ",01/05/2014, May ,2014
Midmarket,France, VTT , High ,3874.5, $15.00 ," $51,143.40 ",01/07/2014, July ,2014
Government,Canada, VTT , High ,623.0, $350.00 ," $191,884.00 ",01/09/2013, September ,2013
Government,United States of America, VTT , High ,986.0, $350.00 ," $303,688.00 ",01/10/2014, October ,2014
Enterprise,United States of America, VTT , High ,2387.0, $125.00 ," $262,570.00 ",01/11/2014, November ,2014
Government,Mexico, VTT , High ,1233.0, $20.00 ," $21,700.80 ",01/12/2014, December ,2014
Government,United States of America, Amarilla , High ,270.0, $350.00 ," $83,160.00 ",01/02/2014, February ,2014
Government,France, Amarilla , High ,3421.5, $7.00 ," $21,076.44 ",01/07/2014, July ,2014
Government,Canada, Amarilla , High ,2734.0, $7.00 ," $16,841.44 ",01/10/2014, October ,2014
Midmarket,United States of America, Amarilla , High ,2548.0, $15.00 ," $33,633.60 ",01/11/2013, November ,2013
Government,France, Carretera , High ,2521.5, $20.00 ," $44,378.40 ",01/01/2014, January ,2014
Channel Partners,Mexico, Montana , High ,2661.0, $12.00 ," $28,100.16 ",01/05/2014, May ,2014
Government,Germany, Paseo , High ,1531.0, $20.00 ," $26,945.60 ",01/12/2014, December ,2014
Government,France, VTT , High ,1491.0, $7.00 ," $9,184.56 ",01/03/2014, March ,2014
Government,Germany, VTT , High ,1531.0, $20.00 ," $26,945.60 ",01/12/2014, December ,2014
Channel Partners,Canada, Amarilla , High ,2761.0, $12.00 ," $29,156.16 ",01/09/2013, September ,2013
Midmarket,United States of America, Carretera , High ,2567.0, $15.00 ," $33,499.35 ",01/06/2014, June ,2014
Midmarket,United States of America, VTT , High ,2567.0, $15.00 ," $33,499.35 ",01/06/2014, June ,2014
Government,Canada, Carretera , High ,923.0, $350.00 ," $281,053.50 ",01/03/2014, March ,2014
Government,France, Carretera , High ,1790.0, $350.00 ," $545,055.00 ",01/03/2014, March ,2014
Government,Germany, Carretera , High ,442.0, $20.00 ," $7,690.80 ",01/09/2013, September ,2013
Government,United States of America, Montana , High ,982.5, $350.00 ," $299,171.25 ",01/01/2014, January ,2014
Government,United States of America, Montana , High ,1298.0, $7.00 ," $7,904.82 ",01/02/2014, February ,2014
Channel Partners,Mexico, Montana , High ,604.0, $12.00 ," $6,305.76 ",01/06/2014, June ,2014
Government,Mexico, Montana , High ,2255.0, $20.00 ," $39,237.00 ",01/07/2014, July ,2014
Government,Canada, Montana , High ,1249.0, $20.00 ," $21,732.60 ",01/10/2014, October ,2014
Government,United States of America, Paseo , High ,1438.5, $7.00 ," $8,760.47 ",01/01/2014, January ,2014
Small Business,Germany, Paseo , High ,807.0, $300.00 ," $210,627.00 ",01/01/2014, January ,2014
Government,United States of America, Paseo , High ,2641.0, $20.00 ," $45,953.40 ",01/02/2014, February ,2014
Government,Germany, Paseo , High ,2708.0, $20.00 ," $47,119.20 ",01/02/2014, February ,2014
Government,Canada, Paseo , High ,2632.0, $350.00 ," $801,444.00 ",01/06/2014, June ,2014
Enterprise,Canada, Paseo , High ,1583.0, $125.00 ," $172,151.25 ",01/06/2014, June ,2014
Channel Partners,Mexico, Paseo , High ,571.0, $12.00 ," $5,961.24 ",01/07/2014, July ,2014
Government,France, Paseo , High ,2696.0, $7.00 ," $16,418.64 ",01/08/2014, August ,2014
Midmarket,Canada, Paseo , High ,1565.0, $15.00 ," $20,423.25 ",01/10/2014, October ,2014
Government,Canada, Paseo , High ,1249.0, $20.00 ," $21,732.60 ",01/10/2014, October ,2014
Government,Germany, Paseo , High ,357.0, $350.00 ," $108,706.50 ",01/11/2014, November ,2014
Channel Partners,Germany, Paseo , High ,1013.0, $12.00 ," $10,575.72 ",01/12/2014, December ,2014
Midmarket,France, Velo , High ,3997.5, $15.00 ," $52,167.38 ",01/01/2014, January ,2014
Government,Canada, Velo , High ,2632.0, $350.00 ," $801,444.00 ",01/06/2014, June ,2014
Government,France, Velo , High ,1190.0, $7.00 ," $7,247.10 ",01/06/2014, June ,2014
Channel Partners,Mexico, Velo , High ,604.0, $12.00 ," $6,305.76 ",01/06/2014, June ,2014
Midmarket,Germany, Velo , High ,660.0, $15.00 ," $8,613.00 ",01/09/2013, September ,2013
Channel Partners,Mexico, Velo , High ,410.0, $12.00 ," $4,280.40 ",01/10/2014, October ,2014
Small Business,Mexico, Velo , High ,2605.0, $300.00 ," $679,905.00 ",01/11/2013, November ,2013
Channel Partners,Germany, Velo , High ,1013.0, $12.00 ," $10,575.72 ",01/12/2014, December ,2014
Enterprise,Canada, VTT , High ,1583.0, $125.00 ," $172,151.25 ",01/06/2014, June ,2014
Midmarket,Canada, VTT , High ,1565.0, $15.00 ," $20,423.25 ",01/10/2014, October ,2014
Enterprise,Canada, Amarilla , High ,1659.0, $125.00 ," $180,416.25 ",01/01/2014, January ,2014
Government,France, Amarilla , High ,1190.0, $7.00 ," $7,247.10 ",01/06/2014, June ,2014
Channel Partners,Mexico, Amarilla , High ,410.0, $12.00 ," $4,280.40 ",01/10/2014, October ,2014
Channel Partners,Germany, Amarilla , High ,1770.0, $12.00 ," $18,478.80 ",01/12/2013, December ,2013
Government,Mexico, Carretera , High ,2579.0, $20.00 ," $44,358.80 ",01/04/2014, April ,2014
Government,United States of America, Carretera , High ,1743.0, $20.00 ," $29,979.60 ",01/05/2014, May ,2014
Government,United States of America, Carretera , High ,2996.0, $7.00 ," $18,035.92 ",01/10/2013, October ,2013
Government,Germany, Carretera , High ,280.0, $7.00 ," $1,685.60 ",01/12/2014, December ,2014
Government,France, Montana , High ,293.0, $7.00 ," $1,763.86 ",01/02/2014, February ,2014
Government,United States of America, Montana , High ,2996.0, $7.00 ," $18,035.92 ",01/10/2013, October ,2013
Midmarket,Germany, Paseo , High ,278.0, $15.00 ," $3,586.20 ",01/02/2014, February ,2014
Government,Canada, Paseo , High ,2428.0, $20.00 ," $41,761.60 ",01/03/2014, March ,2014
Midmarket,United States of America, Paseo , High ,1767.0, $15.00 ," $22,794.30 ",01/09/2014, September ,2014
Channel Partners,France, Paseo , High ,1393.0, $12.00 ," $14,375.76 ",01/10/2014, October ,2014
Government,Germany, VTT , High ,280.0, $7.00 ," $1,685.60 ",01/12/2014, December ,2014
Channel Partners,France, Amarilla , High ,1393.0, $12.00 ," $14,375.76 ",01/10/2014, October ,2014
Channel Partners,United States of America, Amarilla , High ,2015.0, $12.00 ," $20,794.80 ",01/12/2013, December ,2013
Small Business,Mexico, Carretera , High ,801.0, $300.00 ," $206,658.00 ",01/07/2014, July ,2014
Enterprise,France, Carretera , High ,1023.0, $125.00 ," $109,972.50 ",01/09/2013, September ,2013
Small Business,Canada, Carretera , High ,1496.0, $300.00 ," $385,968.00 ",01/10/2014, October ,2014
Small Business,United States of America, Carretera , High ,1010.0, $300.00 ," $260,580.00 ",01/10/2014, October ,2014
Midmarket,Germany, Carretera , High ,1513.0, $15.00 ," $19,517.70 ",01/11/2014, November ,2014
Midmarket,Canada, Carretera , High ,2300.0, $15.00 ," $29,670.00 ",01/12/2014, December ,2014
Enterprise,Mexico, Carretera , High ,2821.0, $125.00 ," $303,257.50 ",01/12/2013, December ,2013
Government,Canada, Montana , High ,2227.5, $350.00 ," $670,477.50 ",01/01/2014, January ,2014
Government,Germany, Montana , High ,1199.0, $350.00 ," $360,899.00 ",01/04/2014, April ,2014
Government,Canada, Montana , High ,200.0, $350.00 ," $60,200.00 ",01/05/2014, May ,2014
Government,Canada, Montana , High ,388.0, $7.00 ," $2,335.76 ",01/09/2014, September ,2014
Government,Mexico, Montana , High ,1727.0, $7.00 ," $10,396.54 ",01/10/2013, October ,2013
Midmarket,Canada, Montana , High ,2300.0, $15.00 ," $29,670.00 ",01/12/2014, December ,2014
Government,Mexico, Paseo , High ,260.0, $20.00 ," $4,472.00 ",01/02/2014, February ,2014
Midmarket,Canada, Paseo , High ,2470.0, $15.00 ," $31,863.00 ",01/09/2013, September ,2013
Midmarket,Canada, Paseo , High ,1743.0, $15.00 ," $22,484.70 ",01/10/2013, October ,2013
Channel Partners,United States of America, Paseo , High ,2914.0, $12.00 ," $30,072.48 ",01/10/2014, October ,2014
Government,France, Paseo , High ,1731.0, $7.00 ," $10,420.62 ",01/10/2014, October ,2014
Government,Canada, Paseo , High ,700.0, $350.00 ," $210,700.00 ",01/11/2014, November ,2014
Channel Partners,Canada, Paseo , High ,2222.0, $12.00 ," $22,931.04 ",01/11/2013, November ,2013
Government,United States of America, Paseo , High ,1177.0, $350.00 ," $354,277.00 ",01/11/2014, November ,2014
Government,France, Paseo , High ,1922.0, $350.00 ," $578,522.00 ",01/11/2013, November ,2013
Enterprise,Mexico, Velo , High ,1575.0, $125.00 ," $169,312.50 ",01/02/2014, February ,2014
Government,United States of America, Velo , High ,606.0, $20.00 ," $10,423.20 ",01/04/2014, April ,2014
Small Business,United States of America, Velo , High ,2460.0, $300.00 ," $634,680.00 ",01/07/2014, July ,2014
Small Business,Canada, Velo , High ,269.0, $300.00 ," $69,402.00 ",01/10/2013, October ,2013
Small Business,Germany, Velo , High ,2536.0, $300.00 ," $654,288.00 ",01/11/2013, November ,2013
Government,Mexico, VTT , High ,2903.0, $7.00 ," $17,476.06 ",01/03/2014, March ,2014
Small Business,United States of America, VTT , High ,2541.0, $300.00 ," $655,578.00 ",01/08/2014, August ,2014
Small Business,Canada, VTT , High ,269.0, $300.00 ," $69,402.00 ",01/10/2013, October ,2013
Small Business,Canada, VTT , High ,1496.0, $300.00 ," $385,968.00 ",01/10/2014, October ,2014
Small Business,United States of America, VTT , High ,1010.0, $300.00 ," $260,580.00 ",01/10/2014, October ,2014
Government,France, VTT , High ,1281.0, $350.00 ," $385,581.00 ",01/12/2013, December ,2013
Small Business,Canada, Amarilla , High ,888.0, $300.00 ," $229,104.00 ",01/03/2014, March ,2014
Enterprise,United States of America, Amarilla , High ,2844.0, $125.00 ," $305,730.00 ",01/05/2014, May ,2014
Channel Partners,France, Amarilla , High ,2475.0, $12.00 ," $25,542.00 ",01/08/2014, August ,2014
Midmarket,Canada, Amarilla , High ,1743.0, $15.00 ," $22,484.70 ",01/10/2013, October ,2013
Channel Partners,United States of America, Amarilla , High ,2914.0, $12.00 ," $30,072.48 ",01/10/2014, October ,2014
Government,France, Amarilla , High ,1731.0, $7.00 ," $10,420.62 ",01/10/2014, October ,2014
Government,Mexico, Amarilla , High ,1727.0, $7.00 ," $10,396.54 ",01/10/2013, October ,2013
Midmarket,Mexico, Amarilla , High ,1870.0, $15.00 ," $24,123.00 ",01/11/2013, November ,2013
Enterprise,France, Carretera , High ,1174.0, $125.00 ," $124,737.50 ",01/08/2014, August ,2014
Enterprise,Germany, Carretera , High ,2767.0, $125.00 ," $293,993.75 ",01/08/2014, August ,2014
Enterprise,Germany, Carretera , High ,1085.0, $125.00 ," $115,281.25 ",01/10/2014, October ,2014
Small Business,Mexico, Montana , High ,546.0, $300.00 ," $139,230.00 ",01/10/2014, October ,2014
Government,Germany, Paseo , High ,1158.0, $20.00 ," $19,686.00 ",01/03/2014, March ,2014
Midmarket,Canada, Paseo , High ,1614.0, $15.00 ," $20,578.50 ",01/04/2014, April ,2014
Government,Mexico, Paseo , High ,2535.0, $7.00 ," $15,083.25 ",01/04/2014, April ,2014
Government,Mexico, Paseo , High ,2851.0, $350.00 ," $848,172.50 ",01/05/2014, May ,2014
Midmarket,Canada, Paseo , High ,2559.0, $15.00 ," $32,627.25 ",01/08/2014, August ,2014
Government,United States of America, Paseo , High ,267.0, $20.00 ," $4,539.00 ",01/10/2013, October ,2013
Enterprise,Germany, Paseo , High ,1085.0, $125.00 ," $115,281.25 ",01/10/2014, October ,2014
Midmarket,Germany, Paseo , High ,1175.0, $15.00 ," $14,981.25 ",01/10/2014, October ,2014
Government,United States of America, Paseo , High ,2007.0, $350.00 ," $597,082.50 ",01/11/2013, November ,2013
Government,Mexico, Paseo , High ,2151.0, $350.00 ," $639,922.50 ",01/11/2013, November ,2013
Channel Partners,United States of America, Paseo , High ,914.0, $12.00 ," $9,322.80 ",01/12/2014, December ,2014
Government,France, Paseo , High ,293.0, $20.00 ," $4,981.00 ",01/12/2014, December ,2014
Channel Partners,Mexico, Velo , High ,500.0, $12.00 ," $5,100.00 ",01/03/2014, March ,2014
Midmarket,France, Velo , High ,2826.0, $15.00 ," $36,031.50 ",01/05/2014, May ,2014
Enterprise,France, Velo , High ,663.0, $125.00 ," $70,443.75 ",01/09/2014, September ,2014
Small Business,United States of America, Velo , High ,2574.0, $300.00 ," $656,370.00 ",01/11/2013, November ,2013
Enterprise,United States of America, Velo , High ,2438.0, $125.00 ," $259,037.50 ",01/12/2013, December ,2013
Channel Partners,United States of America, Velo , High ,914.0, $12.00 ," $9,322.80 ",01/12/2014, December ,2014
Government,Canada, VTT , High ,865.5, $20.00 ," $14,713.50 ",01/07/2014, July ,2014
Midmarket,Germany, VTT , High ,492.0, $15.00 ," $6,273.00 ",01/07/2014, July ,2014
Government,United States of America, VTT , High ,267.0, $20.00 ," $4,539.00 ",01/10/2013, October ,2013
Midmarket,Germany, VTT , High ,1175.0, $15.00 ," $14,981.25 ",01/10/2014, October ,2014
Enterprise,Canada, VTT , High ,2954.0, $125.00 ," $313,862.50 ",01/11/2013, November ,2013
Enterprise,Germany, VTT , High ,552.0, $125.00 ," $58,650.00 ",01/11/2014, November ,2014
Government,France, VTT , High ,293.0, $20.00 ," $4,981.00 ",01/12/2014, December ,2014
Small Business,France, Amarilla , High ,2475.0, $300.00 ," $631,125.00 ",01/03/2014, March ,2014
Small Business,Mexico, Amarilla , High ,546.0, $300.00 ," $139,230.00 ",01/10/2014, October ,2014
Government,Mexico, Montana , High ,1368.0, $7.00 ," $8,139.60 ",01/02/2014, February ,2014
Government,Canada, Paseo , High ,723.0, $7.00 ," $4,301.85 ",01/04/2014, April ,2014
Channel Partners,United States of America, VTT , High ,1806.0, $12.00 ," $18,421.20 ",01/05/2014, May ,2014
