quantity,price,total_sales
1618.5,20.0,32370.0
1321.0,20.0,26420.0
2178.0,15.0,32670.0
888.0,15.0,13320.0
2470.0,15.0,37050.0
1513.0,350.0,529550.0
921.0,15.0,13815.0
2518.0,12.0,30216.0
1899.0,20.0,37980.0
1545.0,12.0,18540.0
2470.0,15.0,37050.0
2665.5,125.0,333187.5
958.0,300.0,287400.0
2146.0,7.0,15022.0
345.0,125.0,43125.0
615.0,15.0,9225.0
292.0,20.0,5840.0
974.0,15.0,14610.0
2518.0,12.0,30216.0
1006.0,350.0,352100.0
367.0,12.0,4404.0
883.0,7.0,6181.0
549.0,15.0,8235.0
788.0,300.0,236400.0
2472.0,15.0,37080.0
1143.0,7.0,8001.0
1725.0,350.0,603750.0
912.0,12.0,10944.0
2152.0,15.0,32280.0
1817.0,20.0,36340.0
1513.0,350.0,529550.0
1493.0,7.0,10451.0
1804.0,125.0,225500.0
2161.0,12.0,25932.0
1006.0,350.0,352100.0
1545.0,12.0,18540.0
2821.0,125.0,352625.0
345.0,125.0,43125.0
2001.0,300.0,600300.0
2838.0,12.0,34056.0
2178.0,15.0,32670.0
888.0,15.0,13320.0
1527.0,350.0,534450.0
2151.0,300.0,645300.0
1817.0,20.0,36340.0
2750.0,350.0,962500.0
1953.0,12.0,23436.0
4219.5,125.0,527437.5
1899.0,20.0,37980.0
1686.0,7.0,11802.0
2141.0,12.0,25692.0
1143.0,7.0,8001.0
615.0,15.0,9225.0
3945.0,7.0,27615.0
2296.0,15.0,34440.0
1030.0,7.0,7210.0
639.0,7.0,4473.0
1326.0,7.0,9282.0
1858.0,12.0,22296.0
1210.0,350.0,423500.0
2529.0,7.0,17703.0
1445.0,12.0,17340.0
330.0,125.0,41250.0
2671.0,12.0,32052.0
766.0,12.0,9192.0
494.0,300.0,148200.0
1397.0,350.0,488950.0
2155.0,350.0,754250.0
2214.0,15.0,33210.0
2301.0,300.0,690300.0
1375.5,20.0,27510.0
1830.0,7.0,12810.0
2498.0,300.0,749400.0
663.0,125.0,82875.0
1514.0,15.0,22710.0
4492.5,7.0,31447.5
727.0,125.0,90875.0
787.0,125.0,98375.0
1823.0,125.0,227875.0
747.0,15.0,11205.0
766.0,12.0,9192.0
2905.0,300.0,871500.0
2155.0,350.0,754250.0
3864.0,20.0,77280.0
362.0,7.0,2534.0
923.0,125.0,115375.0
663.0,125.0,82875.0
2092.0,7.0,14644.0
263.0,7.0,1841.0
943.5,350.0,330225.0
727.0,125.0,90875.0
787.0,125.0,98375.0
986.0,300.0,295800.0
494.0,300.0,148200.0
1397.0,350.0,488950.0
1744.0,125.0,218000.0
1989.0,12.0,23868.0
321.0,15.0,4815.0
742.5,125.0,92812.5
1295.0,12.0,15540.0
214.0,300.0,64200.0
2145.0,7.0,15015.0
2852.0,350.0,998200.0
1142.0,12.0,13704.0
1566.0,20.0,31320.0
690.0,12.0,8280.0
1660.0,125.0,207500.0
2363.0,15.0,35445.0
918.0,300.0,275400.0
1728.0,300.0,518400.0
1142.0,12.0,13704.0
662.0,125.0,82750.0
1295.0,12.0,15540.0
809.0,125.0,101125.0
2145.0,125.0,268125.0
1785.0,12.0,21420.0
1916.0,300.0,574800.0
2852.0,350.0,998200.0
2729.0,125.0,341125.0
1925.0,15.0,28875.0
2013.0,7.0,14091.0
1055.0,12.0,12660.0
1084.0,12.0,13008.0
1566.0,20.0,31320.0
2966.0,350.0,1038100.0
2877.0,350.0,1006950.0
809.0,125.0,101125.0
2145.0,125.0,268125.0
1055.0,12.0,12660.0
544.0,20.0,10880.0
1084.0,12.0,13008.0
662.0,125.0,82750.0
214.0,300.0,64200.0
2877.0,350.0,1006950.0
2729.0,125.0,341125.0
266.0,350.0,93100.0
1940.0,350.0,679000.0
259.0,300.0,77700.0
1101.0,300.0,330300.0
2276.0,125.0,284500.0
2966.0,350.0,1038100.0
1236.0,20.0,24720.0
941.0,20.0,18820.0
1916.0,300.0,574800.0
4243.5,125.0,530437.5
2580.0,20.0,51600.0
689.0,300.0,206700.0
1947.0,12.0,23364.0
908.0,12.0,10896.0
1958.0,7.0,13706.0
1901.0,12.0,22812.0
544.0,7.0,3808.0
1797.0,350.0,628950.0
1287.0,125.0,160875.0
1706.0,125.0,213250.0
2434.5,300.0,730350.0
1774.0,125.0,221750.0
1901.0,12.0,22812.0
689.0,300.0,206700.0
1570.0,125.0,196250.0
1369.5,12.0,16434.0
2009.0,125.0,251125.0
1945.0,15.0,29175.0
1287.0,125.0,160875.0
1706.0,125.0,213250.0
2009.0,125.0,251125.0
2844.0,300.0,853200.0
1916.0,12.0,22992.0
1570.0,125.0,196250.0
1874.0,300.0,562200.0
1642.0,350.0,574700.0
1945.0,15.0,29175.0
831.0,20.0,16620.0
1760.0,7.0,12320.0
3850.5,20.0,77010.0
2479.0,12.0,29748.0
2031.0,15.0,30465.0
2031.0,15.0,30465.0
2261.0,15.0,33915.0
736.0,20.0,14720.0
2851.0,7.0,19957.0
2021.0,300.0,606300.0
274.0,350.0,95900.0
1967.0,15.0,29505.0
1859.0,300.0,557700.0
2851.0,7.0,19957.0
2021.0,300.0,606300.0
1138.0,125.0,142250.0
4251.0,7.0,29757.0
795.0,125.0,99375.0
1414.5,300.0,424350.0
2918.0,300.0,875400.0
3450.0,350.0,1207500.0
2988.0,125.0,373500.0
218.0,15.0,3270.0
2074.0,20.0,41480.0
1056.0,20.0,21120.0
671.0,15.0,10065.0
1514.0,15.0,22710.0
274.0,350.0,95900.0
1138.0,125.0,142250.0
1465.0,12.0,17580.0
2646.0,20.0,52920.0
2177.0,350.0,761950.0
866.0,12.0,10392.0
349.0,350.0,122150.0
2177.0,350.0,761950.0
1514.0,15.0,22710.0
1865.0,350.0,652750.0
1074.0,125.0,134250.0
1907.0,350.0,667450.0
671.0,15.0,10065.0
1778.0,350.0,622300.0
1159.0,7.0,8113.0
1372.0,7.0,9604.0
2349.0,7.0,16443.0
2689.0,7.0,18823.0
2431.0,12.0,29172.0
2431.0,12.0,29172.0
2689.0,7.0,18823.0
1683.0,7.0,11781.0
1123.0,12.0,13476.0
1159.0,7.0,8113.0
1865.0,12.0,22380.0
1116.0,12.0,13392.0
1563.0,20.0,31260.0
991.0,300.0,297300.0
1016.0,7.0,7112.0
2791.0,15.0,41865.0
570.0,7.0,3990.0
2487.0,7.0,17409.0
1384.5,350.0,484575.0
3627.0,125.0,453375.0
720.0,350.0,252000.0
2342.0,12.0,28104.0
1100.0,300.0,330000.0
1303.0,20.0,26060.0
2992.0,125.0,374000.0
2385.0,125.0,298125.0
1607.0,300.0,482100.0
2327.0,7.0,16289.0
991.0,300.0,297300.0
602.0,350.0,210700.0
2620.0,15.0,39300.0
1228.0,350.0,429800.0
1389.0,20.0,27780.0
861.0,125.0,107625.0
704.0,125.0,88000.0
1802.0,20.0,36040.0
2663.0,20.0,53260.0
2136.0,7.0,14952.0
2116.0,15.0,31740.0
555.0,15.0,8325.0
2861.0,15.0,42915.0
807.0,125.0,100875.0
602.0,350.0,210700.0
2832.0,20.0,56640.0
1579.0,20.0,31580.0
861.0,125.0,107625.0
704.0,125.0,88000.0
1033.0,20.0,20660.0
1250.0,300.0,375000.0
1389.0,20.0,27780.0
1265.0,20.0,25300.0
2297.0,20.0,45940.0
2663.0,20.0,53260.0
570.0,7.0,3990.0
2487.0,7.0,17409.0
1350.0,350.0,472500.0
552.0,350.0,193200.0
1228.0,350.0,429800.0
1250.0,300.0,375000.0
3801.0,15.0,57015.0
1117.5,20.0,22350.0
2844.0,15.0,42660.0
562.0,12.0,6744.0
2299.0,12.0,27588.0
2030.0,15.0,30450.0
263.0,7.0,1841.0
887.0,125.0,110875.0
980.0,350.0,343000.0
1460.0,350.0,511000.0
1403.0,7.0,9821.0
2723.0,12.0,32676.0
1496.0,350.0,523600.0
2299.0,12.0,27588.0
727.0,350.0,254450.0
952.0,125.0,119000.0
2755.0,125.0,344375.0
1530.0,15.0,22950.0
1496.0,350.0,523600.0
1498.0,7.0,10486.0
1221.0,300.0,366300.0
2076.0,350.0,726600.0
2844.0,15.0,42660.0
1498.0,7.0,10486.0
1221.0,300.0,366300.0
1123.0,20.0,22460.0
2436.0,300.0,730800.0
1987.5,125.0,248437.5
1679.0,350.0,587650.0
727.0,350.0,254450.0
1403.0,7.0,9821.0
2076.0,350.0,726600.0
1757.0,20.0,35140.0
2198.0,15.0,32970.0
1743.0,15.0,26145.0
1153.0,15.0,17295.0
1757.0,20.0,35140.0
1001.0,20.0,20020.0
1333.0,7.0,9331.0
1153.0,15.0,17295.0
727.0,12.0,8724.0
1884.0,12.0,22608.0
1834.0,20.0,36680.0
2340.0,12.0,28080.0
2342.0,12.0,28104.0
1031.0,7.0,7217.0
1262.0,15.0,18930.0
1135.0,7.0,7945.0
547.0,7.0,3829.0
1582.0,7.0,11074.0
1738.5,12.0,20862.0
2215.0,12.0,26580.0
1582.0,7.0,11074.0
1135.0,7.0,7945.0
1761.0,350.0,616350.0
448.0,300.0,134400.0
2181.0,300.0,654300.0
1976.0,20.0,39520.0
2181.0,300.0,654300.0
2500.0,125.0,312500.0
1702.0,300.0,510600.0
448.0,300.0,134400.0
3513.0,125.0,439125.0
2101.0,15.0,31515.0
2931.0,15.0,43965.0
1535.0,20.0,30700.0
1123.0,300.0,336900.0
1404.0,300.0,421200.0
2763.0,12.0,33156.0
2125.0,7.0,14875.0
1659.0,300.0,497700.0
609.0,20.0,12180.0
2087.0,125.0,260875.0
1976.0,20.0,39520.0
1421.0,20.0,28420.0
1372.0,300.0,411600.0
588.0,20.0,11760.0
3244.5,12.0,38934.0
959.0,300.0,287700.0
2747.0,300.0,824100.0
1645.0,125.0,205625.0
2876.0,350.0,1006600.0
994.0,125.0,124250.0
1118.0,20.0,22360.0
1372.0,300.0,411600.0
488.0,7.0,3416.0
1282.0,20.0,25640.0
257.0,7.0,1799.0
1282.0,20.0,25640.0
1540.0,125.0,192500.0
490.0,15.0,7350.0
1362.0,350.0,476700.0
2501.0,15.0,37515.0
708.0,20.0,14160.0
645.0,20.0,12900.0
1562.0,300.0,468600.0
1283.0,300.0,384900.0
711.0,15.0,10665.0
1114.0,125.0,139250.0
1259.0,7.0,8813.0
1095.0,7.0,7665.0
1366.0,20.0,27320.0
2460.0,300.0,738000.0
678.0,7.0,4746.0
1598.0,7.0,11186.0
2409.0,7.0,16863.0
1934.0,20.0,38680.0
2993.0,20.0,59860.0
2146.0,350.0,751100.0
1946.0,7.0,13622.0
1362.0,350.0,476700.0
598.0,12.0,7176.0
2907.0,7.0,20349.0
2338.0,7.0,16366.0
386.0,300.0,115800.0
635.0,300.0,190500.0
574.5,350.0,201075.0
2338.0,7.0,16366.0
381.0,350.0,133350.0
422.0,350.0,147700.0
2134.0,300.0,640200.0
808.0,300.0,242400.0
708.0,20.0,14160.0
2907.0,7.0,20349.0
1366.0,20.0,27320.0
2460.0,300.0,738000.0
1520.0,20.0,30400.0
711.0,15.0,10665.0
1375.0,12.0,16500.0
635.0,300.0,190500.0
436.5,20.0,8730.0
1094.0,300.0,328200.0
367.0,12.0,4404.0
3802.5,300.0,1140750.0
1666.0,350.0,583100.0
322.0,300.0,96600.0
2321.0,12.0,27852.0
1857.0,125.0,232125.0
1611.0,7.0,11277.0
2797.0,125.0,349625.0
334.0,300.0,100200.0
2565.0,300.0,769500.0
2417.0,350.0,845950.0
3675.0,15.0,55125.0
1094.0,300.0,328200.0
1227.0,15.0,18405.0
367.0,12.0,4404.0
1324.0,300.0,397200.0
1775.0,12.0,21300.0
2797.0,125.0,349625.0
245.0,15.0,3675.0
3793.5,300.0,1138050.0
1307.0,350.0,457450.0
567.0,125.0,70875.0
2110.0,125.0,263750.0
1269.0,350.0,444150.0
1956.0,12.0,23472.0
2659.0,300.0,797700.0
1351.5,350.0,473025.0
880.0,12.0,10560.0
1867.0,300.0,560100.0
2234.0,12.0,26808.0
1227.0,15.0,18405.0
877.0,125.0,109625.0
2071.0,350.0,724850.0
1269.0,350.0,444150.0
970.0,15.0,14550.0
1694.0,20.0,33880.0
663.0,20.0,13260.0
819.0,7.0,5733.0
1580.0,12.0,18960.0
521.0,7.0,3647.0
973.0,20.0,19460.0
1038.0,20.0,20760.0
360.0,7.0,2520.0
1967.0,12.0,23604.0
2628.0,15.0,39420.0
360.0,7.0,2520.0
2682.0,20.0,53640.0
521.0,7.0,3647.0
1038.0,20.0,20760.0
1630.5,15.0,24457.5
306.0,12.0,3672.0
386.0,12.0,4632.0
2328.0,7.0,16296.0
386.0,12.0,4632.0
3445.5,125.0,430687.5
1482.0,125.0,185250.0
2313.0,350.0,809550.0
1804.0,125.0,225500.0
2072.0,15.0,31080.0
1954.0,20.0,39080.0
591.0,300.0,177300.0
2167.0,15.0,32505.0
241.0,20.0,4820.0
681.0,15.0,10215.0
510.0,15.0,7650.0
790.0,15.0,11850.0
639.0,350.0,223650.0
1596.0,125.0,199500.0
2294.0,300.0,688200.0
241.0,20.0,4820.0
2665.0,7.0,18655.0
1916.0,125.0,239500.0
853.0,300.0,255900.0
341.0,125.0,42625.0
641.0,15.0,9615.0
2807.0,350.0,982450.0
432.0,300.0,129600.0
2294.0,300.0,688200.0
2167.0,15.0,32505.0
2529.0,125.0,316125.0
1870.0,350.0,654500.0
579.0,125.0,72375.0
2240.0,350.0,784000.0
2993.0,300.0,897900.0
3520.5,12.0,42246.0
2039.0,20.0,40780.0
2574.0,12.0,30888.0
707.0,350.0,247450.0
2072.0,15.0,31080.0
853.0,300.0,255900.0
1198.0,12.0,14376.0
2532.0,7.0,17724.0
1198.0,12.0,14376.0
384.0,15.0,5760.0
472.0,12.0,5664.0
1579.0,7.0,11053.0
1005.0,12.0,12060.0
3199.5,15.0,47992.5
472.0,12.0,5664.0
1937.0,12.0,23244.0
792.0,350.0,277200.0
2811.0,300.0,843300.0
2441.0,125.0,305125.0
1560.0,15.0,23400.0
2706.0,7.0,18942.0
766.0,350.0,268100.0
2992.0,20.0,59840.0
2157.0,15.0,32355.0
873.0,300.0,261900.0
1122.0,20.0,22440.0
2104.5,350.0,736575.0
4026.0,12.0,48312.0
2425.5,12.0,29106.0
2394.0,20.0,47880.0
1984.0,15.0,29760.0
2441.0,125.0,305125.0
2992.0,20.0,59840.0
1366.0,300.0,409800.0
2805.0,20.0,56100.0
655.0,15.0,9825.0
344.0,350.0,120400.0
1808.0,7.0,12656.0
1734.0,12.0,20808.0
554.0,125.0,69250.0
2935.0,20.0,58700.0
3165.0,125.0,395625.0
2629.0,20.0,52580.0
1433.0,125.0,179125.0
947.0,125.0,118375.0
344.0,350.0,120400.0
2157.0,15.0,32355.0
380.0,7.0,2660.0
886.0,350.0,310100.0
2416.0,125.0,302000.0
2156.0,125.0,269500.0
2689.0,15.0,40335.0
677.0,15.0,10155.0
1773.0,300.0,531900.0
2420.0,7.0,16940.0
2734.0,7.0,19138.0
1715.0,20.0,34300.0
1186.0,300.0,355800.0
3495.0,300.0,1048500.0
886.0,350.0,310100.0
2156.0,125.0,269500.0
905.0,20.0,18100.0
1715.0,20.0,34300.0
1594.0,350.0,557900.0
1359.0,300.0,407700.0
2150.0,300.0,645000.0
1197.0,350.0,418950.0
380.0,15.0,5700.0
1233.0,20.0,24660.0
1395.0,350.0,488250.0
986.0,350.0,345100.0
905.0,20.0,18100.0
2109.0,12.0,25308.0
3874.5,15.0,58117.5
623.0,350.0,218050.0
986.0,350.0,345100.0
2387.0,125.0,298375.0
1233.0,20.0,24660.0
270.0,350.0,94500.0
3421.5,7.0,23950.5
2734.0,7.0,19138.0
2548.0,15.0,38220.0
2521.5,20.0,50430.0
2661.0,12.0,31932.0
1531.0,20.0,30620.0
1491.0,7.0,10437.0
1531.0,20.0,30620.0
2761.0,12.0,33132.0
2567.0,15.0,38505.0
2567.0,15.0,38505.0
923.0,350.0,323050.0
1790.0,350.0,626500.0
442.0,20.0,8840.0
982.5,350.0,343875.0
1298.0,7.0,9086.0
604.0,12.0,7248.0
2255.0,20.0,45100.0
1249.0,20.0,24980.0
1438.5,7.0,10069.5
807.0,300.0,242100.0
2641.0,20.0,52820.0
2708.0,20.0,54160.0
2632.0,350.0,921200.0
1583.0,125.0,197875.0
571.0,12.0,6852.0
2696.0,7.0,18872.0
1565.0,15.0,23475.0
1249.0,20.0,24980.0
357.0,350.0,124950.0
1013.0,12.0,12156.0
3997.5,15.0,59962.5
2632.0,350.0,921200.0
1190.0,7.0,8330.0
604.0,12.0,7248.0
660.0,15.0,9900.0
410.0,12.0,4920.0
2605.0,300.0,781500.0
1013.0,12.0,12156.0
1583.0,125.0,197875.0
1565.0,15.0,23475.0
1659.0,125.0,207375.0
1190.0,7.0,8330.0
410.0,12.0,4920.0
1770.0,12.0,21240.0
2579.0,20.0,51580.0
1743.0,20.0,34860.0
2996.0,7.0,20972.0
280.0,7.0,1960.0
293.0,7.0,2051.0
2996.0,7.0,20972.0
278.0,15.0,4170.0
2428.0,20.0,48560.0
1767.0,15.0,26505.0
1393.0,12.0,16716.0
280.0,7.0,1960.0
1393.0,12.0,16716.0
2015.0,12.0,24180.0
801.0,300.0,240300.0
1023.0,125.0,127875.0
1496.0,300.0,448800.0
1010.0,300.0,303000.0
1513.0,15.0,22695.0
2300.0,15.0,34500.0
2821.0,125.0,352625.0
2227.5,350.0,779625.0
1199.0,350.0,419650.0
200.0,350.0,70000.0
388.0,7.0,2716.0
1727.0,7.0,12089.0
2300.0,15.0,34500.0
260.0,20.0,5200.0
2470.0,15.0,37050.0
1743.0,15.0,26145.0
2914.0,12.0,34968.0
1731.0,7.0,12117.0
700.0,350.0,245000.0
2222.0,12.0,26664.0
1177.0,350.0,411950.0
1922.0,350.0,672700.0
1575.0,125.0,196875.0
606.0,20.0,12120.0
2460.0,300.0,738000.0
269.0,300.0,80700.0
2536.0,300.0,760800.0
2903.0,7.0,20321.0
2541.0,300.0,762300.0
269.0,300.0,80700.0
1496.0,300.0,448800.0
1010.0,300.0,303000.0
1281.0,350.0,448350.0
888.0,300.0,266400.0
2844.0,125.0,355500.0
2475.0,12.0,29700.0
1743.0,15.0,26145.0
2914.0,12.0,34968.0
1731.0,7.0,12117.0
1727.0,7.0,12089.0
1870.0,15.0,28050.0
1174.0,125.0,146750.0
2767.0,125.0,345875.0
1085.0,125.0,135625.0
546.0,300.0,163800.0
1158.0,20.0,23160.0
1614.0,15.0,24210.0
2535.0,7.0,17745.0
2851.0,350.0,997850.0
2559.0,15.0,38385.0
267.0,20.0,5340.0
1085.0,125.0,135625.0
1175.0,15.0,17625.0
2007.0,350.0,702450.0
2151.0,350.0,752850.0
914.0,12.0,10968.0
293.0,20.0,5860.0
500.0,12.0,6000.0
2826.0,15.0,42390.0
663.0,125.0,82875.0
2574.0,300.0,772200.0
2438.0,125.0,304750.0
914.0,12.0,10968.0
865.5,20.0,17310.0
492.0,15.0,7380.0
267.0,20.0,5340.0
1175.0,15.0,17625.0
2954.0,125.0,369250.0
552.0,125.0,69000.0
293.0,20.0,5860.0
2475.0,300.0,742500.0
546.0,300.0,163800.0
1368.0,7.0,9576.0
723.0,7.0,5061.0
1806.0,12.0,21672.0
